"opportunity_number","nofo_type","opportunity_title","summary.post_date","summary.close_date","opportunity_status","all_concepts","hd_involvement","run_date"
"<a href = ""https://simpler.grants.gov/opportunity/2e9a8665-5d9a-4f7e-bf07-04a50f516c01"" target = ""_blank"">PAR-28-059</a>","PAR","Translational Research in Maternal and Pediatric Pharmacology and Therapeutics",2026-08-20,NA,"Forecasted","Pregnancy & Lactation; Pediatrics; Pharmacology & Therapeutics","HD Primary","2026-08-24"
"<a href = ""https://simpler.grants.gov/opportunity/c65a994a-dc23-430d-9f7e-da25496330d6"" target = ""_blank"">RFA-DA-28-001</a>","RFA","Single Cell Opioid Responses in the Context of HIV (SCORCH) Program: Phase 2",2026-08-20,NA,"Forecasted","Pharmacology & Therapeutics","No HD Involvement","2026-08-24"
"<a href = ""https://simpler.grants.gov/opportunity/dff5a006-695d-41a5-9049-5938cd28e16c"" target = ""_blank"">RFA-DK-28-116</a>","RFA","Multimodal AI to Accelerate Precision Medicine for Type 1 Diabetes (U01- Clinical Trials Not Allowed)",2026-08-20,NA,"Forecasted","Unclassified","No HD Involvement","2026-08-24"
"<a href = ""https://simpler.grants.gov/opportunity/7d24c889-4130-461e-a8fa-2ef581f59fba"" target = ""_blank"">RFA-HD-28-004</a>","RFA","Senator Paul D. Wellstone Muscular Dystrophy Specialized Research Centers (MDSRC)",2026-08-20,NA,"Forecasted","Unclassified","HD Primary","2026-08-24"
"<a href = ""https://simpler.grants.gov/opportunity/f3bf0517-43d8-4eea-898d-36bc382a6404"" target = ""_blank"">PAR-27-054</a>","PAR","Limited Competition: Centers of Biomedical Research Excellence: Development Phase (COBRE-D) (P30 - Clinical Trial Not Allowed)",2026-08-19,2029-05-26,"Posted","Unclassified","No HD Involvement","2026-08-24"
"<a href = ""https://simpler.grants.gov/opportunity/441d1fe1-394e-482b-bcea-f8318fafa561"" target = ""_blank"">PAR-27-056</a>","PAR","Limited Competition: Institutional Development Award (IDeA) for Clinical & Translational Research (CTR) (P30 - CT Optional)",2026-08-19,2029-05-30,"Posted","Unclassified","No HD Involvement","2026-08-24"
"<a href = ""https://simpler.grants.gov/opportunity/4555ed2e-9e7f-4e23-af38-0ef0b9e892d3"" target = ""_blank"">PA-28-020</a>","PA","Mentored Research Scientist Career Development Award (KR1)",2026-08-13,NA,"Forecasted","Unclassified","No HD Involvement","2026-08-24"
"<a href = ""https://simpler.grants.gov/opportunity/a23b92cf-f38b-4910-9757-188371a453ab"" target = ""_blank"">PA-28-047</a>","PA","Mentored Clinician Research Scientist Career Development Award (KC1)",2026-08-13,NA,"Forecasted","Unclassified","No HD Involvement","2026-08-24"
"<a href = ""https://simpler.grants.gov/opportunity/3f2bc75d-08f2-4a94-98f0-e836b049d3ac"" target = ""_blank"">PA-28-048</a>","PA","Mentored Career Transition Award (KT1/R00)",2026-08-13,NA,"Forecasted","Unclassified","No HD Involvement","2026-08-24"
"<a href = ""https://simpler.grants.gov/opportunity/b6b700be-df44-43fe-8827-9c49b7fb5081"" target = ""_blank"">PA-28-049</a>","PA","Established Clinician Investigator Award to Support Mentoring (KS1)",2026-08-13,NA,"Forecasted","Unclassified","No HD Involvement","2026-08-24"
"<a href = ""https://simpler.grants.gov/opportunity/9ba4b04c-e63a-43cd-ab99-1e24e2570e15"" target = ""_blank"">RFA-AG-28-009</a>","RFA","Alzheimer's Drug-Development Program (U01 Clinical Trial Optional)",2026-08-13,NA,"Forecasted","Pharmacology & Therapeutics","No HD Involvement","2026-08-24"
"<a href = ""https://simpler.grants.gov/opportunity/e7f9443f-5ffd-4aa8-9e61-2e3a8bf3564f"" target = ""_blank"">RFA-NS-28-001</a>","RFA","Strategies to Innovate EmeRgENcy Care Clinical Trials Network (SIREN) Infrastructure – Clinical Coordinating Center (CCC) and Data Coordinating Center (DCC)",2026-08-13,NA,"Forecasted","Unclassified","No HD Involvement","2026-08-24"
"<a href = ""https://simpler.grants.gov/opportunity/25f595e2-1671-4aae-a760-e3487a3d282c"" target = ""_blank"">RFA-NS-28-004</a>","RFA","Strategies to Innovate EmeRgENcy Care Clinical Trials Network (SIREN) Infrastructure – Clinical Enrollment Hubs",2026-08-13,NA,"Forecasted","Unclassified","No HD Involvement","2026-08-24"
"<a href = ""https://simpler.grants.gov/opportunity/e3c8718a-6305-4ff1-8de7-fccb30d3102d"" target = ""_blank"">RFA-RM-28-009</a>","RFA","Partnership with Common Fund Data Ecosystem Resources",2026-08-06,NA,"Forecasted","Pediatrics; Pharmacology & Therapeutics","No HD Involvement","2026-08-24"
"<a href = ""https://simpler.grants.gov/opportunity/bdbb2609-2eae-406f-8d65-df1d5f44c3f9"" target = ""_blank"">RFA-RM-28-005</a>","RFA","RNomics Technology Enhancement Centers",2026-08-05,NA,"Forecasted","Pharmacology & Therapeutics","No HD Involvement","2026-08-24"
"<a href = ""https://simpler.grants.gov/opportunity/d74df651-ab55-4651-9c55-fc67b40d917c"" target = ""_blank"">RFA-RM-28-006</a>","RFA","Transformative Technologies for Experimental and Computational RNome Characterization and Functional Analysis",2026-08-05,NA,"Forecasted","Pharmacology & Therapeutics","No HD Involvement","2026-08-24"
"<a href = ""https://simpler.grants.gov/opportunity/2f82c0a3-f147-4997-adad-3ba93919d653"" target = ""_blank"">RFA-RM-28-007</a>","RFA","RNomics Molecular Standards",2026-08-05,NA,"Forecasted","Pharmacology & Therapeutics","No HD Involvement","2026-08-24"
"<a href = ""https://simpler.grants.gov/opportunity/33908891-72ae-4968-9986-b22f495d7e53"" target = ""_blank"">RFA-RM-28-008</a>","RFA","RNomics Outreach and Coordination (ROC) Center",2026-08-05,NA,"Forecasted","Pharmacology & Therapeutics","No HD Involvement","2026-08-24"
"<a href = ""https://simpler.grants.gov/opportunity/80398751-7067-4249-947d-add3d89989c6"" target = ""_blank"">RFA-DK-28-115</a>","RFA","Single Source Competition for Continuation of Understanding and Targeting the Pathophysiology of Youth-Onset Type 2 Diabetes Clinical Centers (U01 Clinical Trial Not Allowed)",2026-08-04,NA,"Forecasted","Reproductive Health; Pediatrics","No HD Involvement","2026-08-24"
"<a href = ""https://simpler.grants.gov/opportunity/6ca421f6-5577-4c78-a736-cf2c3b6bfe72"" target = ""_blank"">PAR-28-037</a>","PAR","Investigator-Focused Award (Parent R35)",2026-07-30,NA,"Forecasted","Unclassified","No HD Involvement","2026-08-24"
"<a href = ""https://simpler.grants.gov/opportunity/4928d5eb-ef8e-47c7-bc71-65d45b526b7d"" target = ""_blank"">PAR-27-117</a>","PAR","INCLUDE Project: Omics Phenotypes Related to Down Syndrome (X01 Clinical Trial Not Allowed)",2026-07-28,NA,"Forecasted","Pediatrics","No HD Involvement","2026-08-24"
"<a href = ""https://simpler.grants.gov/opportunity/bc768aba-aa46-47dc-990e-48ea87be8e79"" target = ""_blank"">RFA-CA-28-003</a>","RFA","Advanced Development and Sustainment of Informatics Technologies for Cancer Research and Management (U24 Clinical Trial Optional)",2026-07-28,NA,"Forecasted","Pharmacology & Therapeutics","No HD Involvement","2026-08-24"
"<a href = ""https://simpler.grants.gov/opportunity/34791fde-afbf-4c3b-83c1-31bcf6c64930"" target = ""_blank"">PAR-28-002</a>","PAR","Clinical and Translational Science Award",2026-07-20,NA,"Forecasted","Pharmacology & Therapeutics","No HD Involvement","2026-08-24"
"<a href = ""https://simpler.grants.gov/opportunity/af9f36de-ad12-4609-b1cc-54f8ca90ca4d"" target = ""_blank"">PAR-28-003</a>","PAR","Limited Competition: Institutional Mentored Research Career Development Program for the Clinical and Translational Science Awards Program",2026-07-20,NA,"Forecasted","Unclassified","No HD Involvement","2026-08-24"
"<a href = ""https://simpler.grants.gov/opportunity/e7df2416-8261-4da1-b5b4-c01298b1295f"" target = ""_blank"">PAR-28-004</a>","PAR","Limited Competition: Ruth L. Kirschstein National Research Service Award (NRSA) Institutional Research Training Grant for the Clinical and Translational Science Awards Program",2026-07-20,NA,"Forecasted","Unclassified","No HD Involvement","2026-08-24"
"<a href = ""https://simpler.grants.gov/opportunity/2643d994-6062-49a4-b337-c486eb99777c"" target = ""_blank"">PAR-28-005</a>","PAR","Limited Competition: Research Education Program for the Clinical and Translational Science Awards Program",2026-07-20,NA,"Forecasted","Unclassified","No HD Involvement","2026-08-24"
"<a href = ""https://simpler.grants.gov/opportunity/5d21f1ac-343d-46c5-8304-6a9136c19af4"" target = ""_blank"">PAR-28-006</a>","PAR","Limited Competition: High Impact Specialized Innovation Programs in Clinical and Translational Science",2026-07-20,NA,"Forecasted","Unclassified","No HD Involvement","2026-08-24"
"<a href = ""https://simpler.grants.gov/opportunity/f0f92216-2abf-4b7d-9ba9-9b1f554c5958"" target = ""_blank"">PAR-28-007</a>","PAR","The Next Generation of the Clinical and Translational Science Awards Program Trial Innovation Network",2026-07-20,NA,"Forecasted","Pharmacology & Therapeutics","No HD Involvement","2026-08-24"
"<a href = ""https://simpler.grants.gov/opportunity/6a2983fc-5762-4eb0-8040-d1f5b7172501"" target = ""_blank"">PAR-28-008</a>","PAR","Limited Competition: Clinical and Translational Science Awards (CTSA) Program: Collaborative and Innovative Acceleration Award",2026-07-20,NA,"Forecasted","Pharmacology & Therapeutics","No HD Involvement","2026-08-24"
"<a href = ""https://simpler.grants.gov/opportunity/10421317-b708-4889-b0a4-aaf410e648ee"" target = ""_blank"">PAR-28-045</a>","PAR","Opportunities for Collaborative Research with the NIH Intramural Research Program (U01 Clinical Trial Optional)",2026-07-16,NA,"Forecasted","Pharmacology & Therapeutics","No HD Involvement","2026-08-24"
"<a href = ""https://simpler.grants.gov/opportunity/fcc5b681-2c2f-42d8-816d-430875a86bc3"" target = ""_blank"">RFA-HD-28-003</a>","RFA","Elucidation and Validation of the role of Transporters in the Placenta, Lactating Mammary Gland, Developing Gut, and Blood Brain Barrier",2026-07-16,NA,"Forecasted","Pregnancy & Lactation; Pediatrics; Pharmacology & Therapeutics","HD Primary","2026-08-24"
"<a href = ""https://simpler.grants.gov/opportunity/fd5aaf10-314e-4a09-9978-14e7b1b283e1"" target = ""_blank"">RFA-MD-27-001</a>","RFA","Limited Competition: NIMHD Initiative for Improving American Indian and Alaska Native Cancer Outcomes (U19 - Clinical Trial Optional)",2026-07-16,NA,"Forecasted","Unclassified","No HD Involvement","2026-08-24"
"<a href = ""https://simpler.grants.gov/opportunity/841ce4d3-5420-4630-a9c9-6b1635c773d9"" target = ""_blank"">RFA-CA-28-001</a>","RFA","Early-Stage Innovative Technology Development for Basic and Clinical Cancer Research (R61 Clinical Trial Not Allowed)",2026-07-14,NA,"Forecasted","Pharmacology & Therapeutics","No HD Involvement","2026-08-24"
"<a href = ""https://simpler.grants.gov/opportunity/8747b235-c8dd-497f-a66b-9a9f5db2eb9c"" target = ""_blank"">RFA-CA-28-002</a>","RFA","Advanced Development and Validation of Emerging Technologies for Basic and Clinical Cancer Research (R33 Clinical Trial Not Allowed)",2026-07-14,NA,"Forecasted","Pharmacology & Therapeutics","No HD Involvement","2026-08-24"
"<a href = ""https://simpler.grants.gov/opportunity/0c2a30d6-d732-4708-9a3f-c069cb554c1f"" target = ""_blank"">RFA-OD-28-001</a>","RFA","Tobacco Centers of Regulatory Science (TCORS) (Clinical Trial Optional)",2026-07-09,NA,"Forecasted","Pharmacology & Therapeutics","No HD Involvement","2026-08-24"
"<a href = ""https://simpler.grants.gov/opportunity/8c5008f5-7daf-442a-b41c-01d25d20202e"" target = ""_blank"">RFA-MD-26-001</a>","RFA","Research Centers in Minority Institutions (RCMI) Coordinating Center (U24 - Clinical Trial Optional)",2026-07-08,2026-08-07,"Closed","Unclassified","No HD Involvement","2026-08-24"
"<a href = ""https://simpler.grants.gov/opportunity/602cbc1a-d601-44f1-90d7-e6914ba594a6"" target = ""_blank"">RFA-RM-28-010</a>","RFA","Bridge2AI Network for AI Health Science",2026-07-08,NA,"Forecasted","Unclassified","No HD Involvement","2026-08-24"
"<a href = ""https://simpler.grants.gov/opportunity/6b2d1e6a-62c3-47cb-981a-53b41a59b9dd"" target = ""_blank"">PAR-28-043</a>","PAR","Blueprint Neurotherapeutics Network (BPN): Small Molecule Drug Discovery and Development",2026-07-07,NA,"Forecasted","Pharmacology & Therapeutics","No HD Involvement","2026-08-24"
"<a href = ""https://simpler.grants.gov/opportunity/52596a75-bd24-4f15-a996-b8fae56e392c"" target = ""_blank"">PAR-28-039</a>","PAR","Digital Health Technology and Reciprocal Innovation to Improve Clinical and Public Health Outcomes",2026-07-02,NA,"Forecasted","Pharmacology & Therapeutics","No HD Involvement","2026-08-24"
"<a href = ""https://simpler.grants.gov/opportunity/e31bc05f-38c3-4f6e-84f2-71aedf5b2743"" target = ""_blank"">PAR-28-040</a>","PAR","International Research Scientist Development Award (IRSDA)",2026-07-02,NA,"Forecasted","Unclassified","No HD Involvement","2026-08-24"
"<a href = ""https://simpler.grants.gov/opportunity/a2ea641e-ccb6-46e8-922d-c2d3d0c5ed04"" target = ""_blank"">RFA-DK-28-112</a>","RFA","NIDDK Disease Research and Translational Core Centers (P30 Clinical Trial Optional)",2026-07-02,NA,"Forecasted","Unclassified","No HD Involvement","2026-08-24"
"<a href = ""https://simpler.grants.gov/opportunity/23a356f5-2b12-4891-a251-d01db68c7582"" target = ""_blank"">PAR-27-125</a>","PAR","Multi-Site Investigator-Initiated Clinical Trials (Collaborative UG3/UH3 Clinical Trial Required)",2026-07-01,NA,"Forecasted","Unclassified","No HD Involvement","2026-08-24"
"<a href = ""https://simpler.grants.gov/opportunity/0daff0f7-3225-41a4-b27e-a264bb3bf189"" target = ""_blank"">RFA-DK-28-114</a>","RFA","NIDDK Multi-Purpose Resource-Related, Multi-Component Research Services Centers Cooperative Agreement (U2C - Clinical Trial Optional)",2026-07-01,NA,"Forecasted","Unclassified","No HD Involvement","2026-08-24"
"<a href = ""https://simpler.grants.gov/opportunity/218d4960-fe80-4c76-b69f-aeddf8d9a404"" target = ""_blank"">RFA-DK-28-312</a>","RFA","KUH P30 Resource Core Center (P30 Clinical Trial Not Allowed)",2026-07-01,NA,"Forecasted","Unclassified","No HD Involvement","2026-08-24"
"<a href = ""https://simpler.grants.gov/opportunity/260cfde6-2690-495e-8f46-92c2dcbd391d"" target = ""_blank"">RFA-DK-28-313</a>","RFA","KUH U24 Center Coordinating Hub (U24 Clinical Trial Not Allowed)",2026-07-01,NA,"Forecasted","Unclassified","No HD Involvement","2026-08-24"
"<a href = ""https://simpler.grants.gov/opportunity/cb36f642-f92b-4b27-9bc8-47440c03eb09"" target = ""_blank"">RFA-DK-27-120</a>","RFA","Nutrition Obesity Research Centers (NORCs) (P30 Clinical Trial Optional)",2026-06-30,2026-10-20,"Posted","Unclassified","No HD Involvement","2026-08-24"
"<a href = ""https://simpler.grants.gov/opportunity/2f0a47ac-f1f7-4f45-a13b-5c689724e692"" target = ""_blank"">RFA-NS-27-011</a>","RFA","Single Source: Post-Stroke Vascular Contributions to Cognitive Impairment and Dementia (VCID) in the United States (U19 - Clinical Trial Not Allowed)",2026-06-30,2026-09-28,"Posted","Unclassified","No HD Involvement","2026-08-24"
"<a href = ""https://simpler.grants.gov/opportunity/5b0a5980-5b84-4cdf-9370-2a36c301760b"" target = ""_blank"">RFA-RM-27-011</a>","RFA","Development and Testing of a Multi-use Frameworks Playbook for Precision Medicine with AI: Integrating Imaging with Multimodal Data (PRIMED-AI) (U01 Clinical Trial Not Allowed)",2026-06-30,2026-10-09,"Posted","Unclassified","No HD Involvement","2026-08-24"
"<a href = ""https://simpler.grants.gov/opportunity/d07ebcd7-96cf-40cb-8ae3-f401b6274080"" target = ""_blank"">RFA-RM-27-012</a>","RFA","PRIMED-AI: Data-to-Model Academic-Industrial Partnerships (D2M-AIP) for Precision Medicine with AI: Integrating Imaging with Multimodal Data (UG3/UH3 Clinical Trial Optional)",2026-06-30,2026-10-19,"Posted","Pharmacology & Therapeutics","No HD Involvement","2026-08-24"
"<a href = ""https://simpler.grants.gov/opportunity/360c4588-1512-4fa4-9b61-52a3f1d6c368"" target = ""_blank"">RFA-RM-27-013</a>","RFA","Model-to-Clinic (M2C) for Precision Medicine with AI: Integrating Imaging with Multimodal Data (PRIMED-AI) (UG3/UH3, Clinical Trial Optional)",2026-06-30,2026-10-19,"Posted","Pharmacology & Therapeutics","No HD Involvement","2026-08-24"
"<a href = ""https://simpler.grants.gov/opportunity/40ac94ea-e7b9-44af-9ae4-d3340c342757"" target = ""_blank"">RFA-RM-27-014</a>","RFA","Validation Center for Precision Medicine with AI: Integrating Imaging with Multimodal Data (PRIMED-AI) (U54 Clinical Trials Not Allowed)",2026-06-30,2026-10-02,"Posted","Unclassified","No HD Involvement","2026-08-24"
"<a href = ""https://simpler.grants.gov/opportunity/a975ac4b-ca02-4d2b-8dcd-c75493f04087"" target = ""_blank"">RFA-RM-27-015</a>","RFA","Logistics Center for Precision Medicine with AI: Integrating Imaging with Multimodal Data (PRIMED-AI) (U24 Clinical Trials Not Allowed)",2026-06-30,2026-10-02,"Posted","Unclassified","No HD Involvement","2026-08-24"
"<a href = ""https://simpler.grants.gov/opportunity/62700bad-65de-48bf-8678-d5a0bf13203d"" target = ""_blank"">RFA-AI-27-004</a>","RFA","Atopic Dermatitis Research Network (ADRN) (U19 Clinical Trial Optional)",2026-06-29,2026-09-24,"Posted","Unclassified","No HD Involvement","2026-08-24"
"<a href = ""https://simpler.grants.gov/opportunity/f2d50b34-2ffa-41ec-a913-4a9f417097a1"" target = ""_blank"">RFA-ES-27-003</a>","RFA","Microplastics Research and Resource Coordination Center (U24 - Clinical Trial Not Allowed)",2026-06-29,NA,"Forecasted","Unclassified","No HD Involvement","2026-08-24"
"<a href = ""https://simpler.grants.gov/opportunity/f3b0799c-6539-4045-8b85-42d7a9ef4dd5"" target = ""_blank"">RFA-RM-27-001</a>","RFA","NIH Director’s Pioneer Award (DP1 Clinical Trial Optional)",2026-06-29,2026-09-09,"Posted","Unclassified","No HD Involvement","2026-08-24"
"<a href = ""https://simpler.grants.gov/opportunity/a71fb2f3-0d3a-477b-8b20-2451cf35cc7f"" target = ""_blank"">RFA-RM-27-003</a>","RFA","NIH Director’s Transformative Research Award for Individual and Group Science (R01 Clinical Trial Optional)",2026-06-29,2026-09-03,"Posted","Pharmacology & Therapeutics","No HD Involvement","2026-08-24"
"<a href = ""https://simpler.grants.gov/opportunity/265e7e39-c42a-455c-9147-c9b442e02c6d"" target = ""_blank"">RFA-AG-27-007</a>","RFA","Renewal of the Clinician-Scientists Transdisciplinary Aging Research (Clin-STAR) Coordinating Center (U24 Clinical Trial Not Allowed)",2026-06-26,2026-09-29,"Posted","Unclassified","No HD Involvement","2026-08-24"
"<a href = ""https://simpler.grants.gov/opportunity/08393a0c-1336-4f0b-a76c-18f8385d7dd1"" target = ""_blank"">RFA-ES-28-001</a>","RFA","Limited Competition: Supporting Programs to Advance Research Knowledge in Environmental Health Sciences (SPARK-EHS) (UE5/T32 - Clinical Trial Not Allowed)",2026-06-26,NA,"Forecasted","Unclassified","No HD Involvement","2026-08-24"
"<a href = ""https://simpler.grants.gov/opportunity/ab6fa3f9-5b5d-4fdf-9f6f-1e4b8752dfcb"" target = ""_blank"">RFA-ES-28-002</a>","RFA","Health and Extreme Weather Solutions-Focused Research Hubs (U54 - Clinical Trial Optional)",2026-06-26,NA,"Forecasted","Unclassified","No HD Involvement","2026-08-24"
"<a href = ""https://simpler.grants.gov/opportunity/17160b34-7d47-45a6-8d0c-f3eacd3a07db"" target = ""_blank"">RFA-ES-28-003</a>","RFA","Health and Extreme Weather Research Coordination and Data Center (U2C - Clinical Trial Not Allowed)",2026-06-26,NA,"Forecasted","Unclassified","No HD Involvement","2026-08-24"
"<a href = ""https://simpler.grants.gov/opportunity/e60227f3-787d-418c-aadf-f6e36a9f9890"" target = ""_blank"">RFA-RM-27-002</a>","RFA","NIH Director’s New Innovator Award (DP2 Clinical Trial Optional)",2026-06-26,2026-08-17,"Closed","Unclassified","No HD Involvement","2026-08-24"
"<a href = ""https://simpler.grants.gov/opportunity/8518b002-2452-44e3-8b00-78fcaa5c7edb"" target = ""_blank"">RFA-RM-27-004</a>","RFA","NIH Director’s Early Independence Award (DP5 Clinical Trial Optional)",2026-06-26,2026-09-10,"Posted","Unclassified","No HD Involvement","2026-08-24"
"<a href = ""https://simpler.grants.gov/opportunity/fd0c942d-4760-41c1-b7c2-57c63b3c0a62"" target = ""_blank"">PAR-27-021</a>","PAR","Seed Instrumentation Support (SIS) Program (S10 Clinical Trial Not Allowed)",2026-06-25,2028-07-01,"Posted","Unclassified","No HD Involvement","2026-08-24"
"<a href = ""https://simpler.grants.gov/opportunity/b15b4cd0-da35-4c68-b71c-ae3501bbb2b9"" target = ""_blank"">PAR-27-022</a>","PAR","Shared Instrumentation Grant (SIG) Program (S10 Clinical Trial Not Allowed)",2026-06-25,2028-07-01,"Posted","Unclassified","No HD Involvement","2026-08-24"
"<a href = ""https://simpler.grants.gov/opportunity/4e2c555d-74ae-4a26-8020-d495a5da96c7"" target = ""_blank"">RFA-OD-27-009</a>","RFA","Limited Competition: NIH Research Evaluation and Commercialization Hubs (REACH) (SB0 Clinical Trial Optional)",2026-06-25,NA,"Forecasted","Pharmacology & Therapeutics","No HD Involvement","2026-08-24"
"<a href = ""https://simpler.grants.gov/opportunity/7272573c-cbbc-40d5-9760-dc0ce718fecb"" target = ""_blank"">PAR-28-033</a>","PAR","AIDS Research Center on Mental Health and HIV/AIDS (P30 Clinical Trial Optional)",2026-06-24,NA,"Forecasted","Unclassified","No HD Involvement","2026-08-24"
"<a href = ""https://simpler.grants.gov/opportunity/80f2cd82-006e-4e67-bfa2-5f1943100a42"" target = ""_blank"">RFA-AI-28-005</a>","RFA","Collaborative Network for Clinical Research on Immune Tolerance",2026-06-24,NA,"Forecasted","Unclassified","No HD Involvement","2026-08-24"
"<a href = ""https://simpler.grants.gov/opportunity/da4219b9-f953-44c0-b3dd-d955533772e0"" target = ""_blank"">RFA-AI-28-006</a>","RFA","Clinical Data, Safety and Statistical Centers (CDSSC)",2026-06-24,NA,"Forecasted","Unclassified","No HD Involvement","2026-08-24"
"<a href = ""https://simpler.grants.gov/opportunity/3bcda474-f002-4d74-8b8c-9b179df30300"" target = ""_blank"">RFA-AI-28-007</a>","RFA","Childhood Asthma in Urban Settings Clinical Research Network",2026-06-24,NA,"Forecasted","Pediatrics; Pharmacology & Therapeutics","No HD Involvement","2026-08-24"
"<a href = ""https://simpler.grants.gov/opportunity/0709b96e-7fdb-4789-a1d7-71df1395a804"" target = ""_blank"">RFA-AI-28-008</a>","RFA","Clinical Trials in Organ Transplantation in Children and Adults",2026-06-24,NA,"Forecasted","Pediatrics","No HD Involvement","2026-08-24"
"<a href = ""https://simpler.grants.gov/opportunity/a9bd82a0-ca19-4281-ab98-37daeca3fa46"" target = ""_blank"">RFA-AI-28-009</a>","RFA","Asthma and Allergic Diseases Cooperative Research Centers",2026-06-24,NA,"Forecasted","Pharmacology & Therapeutics","No HD Involvement","2026-08-24"
"<a href = ""https://simpler.grants.gov/opportunity/894961b0-a582-43d9-b92d-9d4809e7b00d"" target = ""_blank"">RFA-AI-28-010</a>","RFA","Translational Transplantation Tolerance Cooperative Study Group",2026-06-24,NA,"Forecasted","Pharmacology & Therapeutics","No HD Involvement","2026-08-24"
"<a href = ""https://simpler.grants.gov/opportunity/7055450d-1520-47c9-a1a4-0c654b4eadff"" target = ""_blank"">RFA-AI-28-012</a>","RFA","Translational Centers Using Microphysiologic Systems for Infectious Diseases",2026-06-24,NA,"Forecasted","Pharmacology & Therapeutics","No HD Involvement","2026-08-24"
"<a href = ""https://simpler.grants.gov/opportunity/1079c77e-80b2-4b29-8731-d11c9c9680d2"" target = ""_blank"">RFA-AI-28-013</a>","RFA","Limited Competition: Resources and Workforce Development for the Regional Biocontainment Laboratories",2026-06-24,NA,"Forecasted","Unclassified","No HD Involvement","2026-08-24"
"<a href = ""https://simpler.grants.gov/opportunity/0cbb2b4f-c123-48cf-bdc4-6d5666ce73d9"" target = ""_blank"">RFA-AI-28-014</a>","RFA","Precision and Systems Biology to Uncover the Link Between Chronic and Infectious Diseases",2026-06-24,NA,"Forecasted","Pharmacology & Therapeutics","No HD Involvement","2026-08-24"
"<a href = ""https://simpler.grants.gov/opportunity/b94ecba1-502d-4c59-86bc-0ce1086a0511"" target = ""_blank"">RFA-AI-28-018</a>","RFA","Improved Drug Susceptibility Testing (DST) for Mycobacteria",2026-06-24,NA,"Forecasted","Pharmacology & Therapeutics","No HD Involvement","2026-08-24"
"<a href = ""https://simpler.grants.gov/opportunity/59fa608f-e4ca-4ca9-b06c-6b499711f535"" target = ""_blank"">RFA-MH-28-110</a>","RFA","BRAIN Initiative: Development and Validation of Novel Tools and New Approaches for Neuroscience Research",2026-06-24,NA,"Forecasted","Pharmacology & Therapeutics","No HD Involvement","2026-08-24"
"<a href = ""https://simpler.grants.gov/opportunity/8421e010-b00e-4718-84e9-1db9a34b606a"" target = ""_blank"">RFA-DA-27-007</a>","RFA","Limited Competition: Growing Great Ideas: Research Education Course in Entrepreneurship and Product Development for Researchers Studying Drug Use, Drug Misuse, and Drug Addiction (UE5 Clinical Trial Not Allowed)",2026-06-23,2026-10-01,"Posted","Pharmacology & Therapeutics","No HD Involvement","2026-08-24"
"<a href = ""https://simpler.grants.gov/opportunity/a78092c5-6cca-4d8f-adfb-dc268355b574"" target = ""_blank"">PA-27-030</a>","PA","Institutional Mentored Career Development Award (Parent K12) (Clinical Trials Not Allowed)",2026-06-22,2029-07-12,"Posted","Unclassified","HD Secondary","2026-08-24"
"<a href = ""https://simpler.grants.gov/opportunity/77942f5d-0b5f-4656-bfd7-a6148b1624a4"" target = ""_blank"">PAR-27-055</a>","PAR","Limited Competition: Centers of Biomedical Research Excellence: Expansion/Sustainability Phases (COBRE-E/S) (P30 - Clinical Trial Not Allowed)",2026-06-18,2029-05-25,"Posted","Unclassified","No HD Involvement","2026-08-24"
"<a href = ""https://simpler.grants.gov/opportunity/dd8d7a29-5191-4919-95ce-f7ac57922cff"" target = ""_blank"">PAR-27-071</a>","PAR","Discovery of the Genetic Basis of Childhood Cancers and of Congenital Anomalies: Gabriella Miller Kids First Pediatric Research Program (X01 Clinical Trial Not Allowed)",2026-06-18,2027-01-11,"Posted","Developmental Biology; Pediatrics","No HD Involvement","2026-08-24"
"<a href = ""https://simpler.grants.gov/opportunity/2aaa85ab-169c-432e-806b-95a859bc94e2"" target = ""_blank"">RFA-HG-27-011</a>","RFA","GREGoRi Data Coordination and Outreach Center (U01, Clinical Trials Not Allowed)",2026-06-18,2026-10-30,"Posted","Pharmacology & Therapeutics","No HD Involvement","2026-08-24"
"<a href = ""https://simpler.grants.gov/opportunity/44f4153f-d9bb-43dc-98f7-876bf8f9971c"" target = ""_blank"">RFA-HG-27-012</a>","RFA","GREGoRi Technology Integration Center (U01, Clinical Trials Optional)",2026-06-18,2026-10-30,"Posted","Pharmacology & Therapeutics","No HD Involvement","2026-08-24"
"<a href = ""https://simpler.grants.gov/opportunity/4dd61e81-d44e-4e85-a0e2-c422124fd0b9"" target = ""_blank"">RFA-HG-27-013</a>","RFA","GREGoRi Innovation Projects (U01 Clinical Trial Optional)",2026-06-18,2026-10-30,"Posted","Pharmacology & Therapeutics","No HD Involvement","2026-08-24"
"<a href = ""https://simpler.grants.gov/opportunity/94d057db-76e8-43de-8f13-89d62c167fe9"" target = ""_blank"">PA-27-037</a>","PA","Predoctoral to Postdoctoral Transition Award (Parent F99/K00 - Clinical Trial Not Allowed)",2026-06-16,2029-04-08,"Posted","Unclassified","HD Secondary","2026-08-24"
"<a href = ""https://simpler.grants.gov/opportunity/6d8275c8-1af8-4226-9757-4f4ea56591ad"" target = ""_blank"">PAR-27-058</a>","PAR","NIDCR Prospective Observational or Biomarker Validation Study Cooperative Agreement (U01 Clinical Trial Not Allowed)",2026-06-16,2029-07-05,"Posted","Unclassified","No HD Involvement","2026-08-24"
"<a href = ""https://simpler.grants.gov/opportunity/81895450-caf7-48ab-bab4-b80f0d74e3b1"" target = ""_blank"">PAR-27-064</a>","PAR","NIAID Clinical Trial Implementation Cooperative Agreement (U01 Clinical Trial Required)",2026-06-16,2029-07-05,"Posted","Pharmacology & Therapeutics","No HD Involvement","2026-08-24"
"<a href = ""https://simpler.grants.gov/opportunity/f796ec42-c0e1-4648-a5ff-1f87a76c26e2"" target = ""_blank"">RFA-DK-27-119</a>","RFA","Silvio O. Conte Digestive Diseases Research Core Centers (P30-Clinical Trial Optional)",2026-06-16,2027-02-10,"Posted","Unclassified","No HD Involvement","2026-08-24"
"<a href = ""https://simpler.grants.gov/opportunity/c85038d2-7966-43c4-b238-d09482b370b0"" target = ""_blank"">RFA-NS-27-007</a>","RFA","HEAL Initiative: Non-addictive Analgesic Therapeutics Development [Small Molecules and Biologics] to Treat Pain (UG3/UH3 Clinical Trial Optional)",2026-06-16,2029-02-20,"Posted","Pharmacology & Therapeutics","HD Secondary","2026-08-24"
"<a href = ""https://simpler.grants.gov/opportunity/63297aa2-31d7-48db-bf60-0be097b1e40f"" target = ""_blank"">PAR-27-109</a>","PAR","Exploratory Clinical Trial Grants in Arthritis and Musculoskeletal and Skin Diseases",2026-06-10,NA,"Forecasted","Rehabilitation; Pharmacology & Therapeutics","No HD Involvement","2026-08-24"
"<a href = ""https://simpler.grants.gov/opportunity/0079513d-b908-48a1-9715-f2ff7f2fc8c9"" target = ""_blank"">PAR-28-031</a>","PAR","NIAMS Clinical Trial Implementation Cooperative Agreement",2026-06-10,NA,"Forecasted","Unclassified","No HD Involvement","2026-08-24"
"<a href = ""https://simpler.grants.gov/opportunity/dcf32eb0-30f7-4bc9-a125-60a6071f0f48"" target = ""_blank"">RFA-DA-27-013</a>","RFA","HEAL Initiative: Limited Competition for the HEALthy Brain and Child Development Study - Research Project Sites (Collaborative U01- Clinical Trial Not Allowed)",2026-06-10,2026-07-10,"Closed","Pregnancy & Lactation; Pediatrics","HD Secondary","2026-08-24"
"<a href = ""https://simpler.grants.gov/opportunity/f63c8aad-61a9-49c2-ba09-e31cfeb9e550"" target = ""_blank"">RFA-DA-27-014</a>","RFA","HEAL Initiative: Limited Competition for the HEALthy Brain and Child Development (HBCD) Study – Consortium Administrative Core and Data Coordinating Center (U24 Clinical Trial Not Allowed)",2026-06-10,2026-07-10,"Closed","Pregnancy & Lactation; Pediatrics","HD Secondary","2026-08-24"
"<a href = ""https://simpler.grants.gov/opportunity/d9b0c7ce-9dbb-41a1-b994-2d2c636c6590"" target = ""_blank"">PAR-27-026</a>","PAR","Avant Garde/Avenir Awards for Investigators Conducting High Risk/High Reward Research on HIV and Substance Use (or Substance Use Disorders) (DP1 Clinical Trial Optional)",2026-06-09,2028-09-25,"Posted","Unclassified","No HD Involvement","2026-08-24"
"<a href = ""https://simpler.grants.gov/opportunity/3e9fb0bc-ebab-45f3-aacf-906b0ebb446c"" target = ""_blank"">PAR-27-105</a>","PAR","National Centers for Biomedical Imaging and Bioengineering (NCBIB) (P41 Clinical Trials Optional)",2026-06-09,NA,"Forecasted","Pharmacology & Therapeutics","No HD Involvement","2026-08-24"
"<a href = ""https://simpler.grants.gov/opportunity/cfd077a0-5a0e-47eb-a8e2-8d5646c15f2a"" target = ""_blank"">PAR-27-119</a>","PAR","Center for Inherited Disease Research (CIDR) High Throughput Sequencing and Genotyping Resource Access (X01 Clinical Trial Not Allowed)",2026-06-09,NA,"Forecasted","Unclassified","No HD Involvement","2026-08-24"
"<a href = ""https://simpler.grants.gov/opportunity/48b76af5-fee6-4257-92cd-60ba5adc4d73"" target = ""_blank"">PAS-27-028</a>","PAR","Science Track Award for Research Transition (START) Program (R03, Clinical Trial Optional)",2026-06-09,2029-03-16,"Posted","Unclassified","No HD Involvement","2026-08-24"
"<a href = ""https://simpler.grants.gov/opportunity/fdca0af8-d051-432f-b28d-7747ec0e5496"" target = ""_blank"">PA-27-034</a>","PA","NIH Research Education Program - Courses, Curriculum & Methods (Parent R25 - Clinical Trial Not Allowed)",2026-06-08,2029-05-25,"Posted","Unclassified","HD Secondary","2026-08-24"
"<a href = ""https://simpler.grants.gov/opportunity/cabf2507-f32e-467b-ba74-ca8b853ad972"" target = ""_blank"">PA-27-035</a>","PA","NIH Research Educational Program - Mentoring Activities & Networks (Parent R25/UE5 - Clinical Trial Not Allowed)",2026-06-08,2029-05-05,"Posted","Unclassified","No HD Involvement","2026-08-24"
"<a href = ""https://simpler.grants.gov/opportunity/5d178606-a977-4ffe-bddf-bfe72eeb4c43"" target = ""_blank"">PA-27-036</a>","PA","NIH Research Education Program - Research Experiences (Parent R25 - Clinical Trial Not Allowed)",2026-06-08,2029-05-05,"Posted","Unclassified","HD Secondary","2026-08-24"
"<a href = ""https://simpler.grants.gov/opportunity/4159deee-28f7-45de-9145-45912620d425"" target = ""_blank"">PAR-27-024</a>","PAR","Biomedical Technology Optimization and Dissemination Center (BTOD) (RM1 - Clinical Trial Not Allowed)",2026-06-08,2029-01-29,"Posted","Pharmacology & Therapeutics","No HD Involvement","2026-08-24"
"<a href = ""https://simpler.grants.gov/opportunity/66e043a0-458c-4662-99b0-993fbc0d9be9"" target = ""_blank"">RFA-DA-27-002</a>","RFA","Limited Competition for the Adolescent Brain Cognitive Development -Extended (ABCD-E) Study-Research Project Sites (U01 Clinical Trial Not Allowed)",2026-06-08,2026-07-09,"Closed","Pediatrics","HD Secondary","2026-08-24"
"<a href = ""https://simpler.grants.gov/opportunity/cb7797dd-09ae-4729-a8b3-0dc728f73a24"" target = ""_blank"">RFA-DA-27-003</a>","RFA","Limited Competition for the Adolescent Brain Cognitive Development -Extended (ABCD-E) Study Renewal - Data Analysis, Informatics and Resource Center, and Coordinating Center  (U24 Clinical Trial Not Allowed)",2026-06-08,2026-07-09,"Closed","Pediatrics","HD Secondary","2026-08-24"
"<a href = ""https://simpler.grants.gov/opportunity/588a169a-478d-4554-bbd6-d8e3416000d2"" target = ""_blank"">RFA-DK-27-121</a>","RFA","Optimal Treatment Strategies for use of Anti-Obesity Medications (AOMs) in Children and Adolescents Clinical Centers (U01 Clinical Trial Required)",2026-06-08,2026-10-09,"Posted","Pediatrics; Pharmacology & Therapeutics","No HD Involvement","2026-08-24"
"<a href = ""https://simpler.grants.gov/opportunity/86e848c2-6ff6-4b35-a18b-bc2d031f81c1"" target = ""_blank"">RFA-DK-27-136</a>","RFA","Optimal Treatment Strategies for use of Anti-Obesity Medications (AOMs) in Children and Adolescents Research Coordinating Center (U24 Clinical Trial Not Allowed)",2026-06-08,2026-10-09,"Posted","Pediatrics; Pharmacology & Therapeutics","No HD Involvement","2026-08-24"
"<a href = ""https://simpler.grants.gov/opportunity/1e7f7ee0-15b6-4fac-a5c1-7605cc242e43"" target = ""_blank"">PAR-27-057</a>","PAR","Causal Hypotheses on the Oral-Systemic Health Impacts of Human Behaviors among People with Chronic Conditions (U01 Clinical Trial Not Allowed)",2026-06-04,2029-07-05,"Posted","Developmental Biology","No HD Involvement","2026-08-24"
"<a href = ""https://simpler.grants.gov/opportunity/53e7b1bb-02a7-4133-b50b-74bce8c324ff"" target = ""_blank"">RFA-CA-27-012</a>","RFA","Metastasis Research Network (U54 Clinical Trial Not Allowed)",2026-06-04,2026-09-25,"Posted","Pediatrics","No HD Involvement","2026-08-24"
"<a href = ""https://simpler.grants.gov/opportunity/c33f1e5e-0354-4976-adca-9aa7240778d3"" target = ""_blank"">RFA-DA-27-016</a>","RFA","HEAL Initiative: Translating Addiction Epidemiology, Prevention, Treatment, and Recovery Research into Practice (R61/R33 - Clinical Trial Optional)",2026-06-04,2029-02-09,"Posted","Unclassified","No HD Involvement","2026-08-24"
"<a href = ""https://simpler.grants.gov/opportunity/520e6ef2-752e-4894-95de-13e8ac7dfca1"" target = ""_blank"">RFA-DK-27-108</a>","RFA","Continuation of the Cardiovascular Repository for-Type 1 Diabetes (CARE-T1D) Consortium U01 (Open Competition)- Research (U01, Clinical Trial Not Allowed)",2026-06-04,2027-03-10,"Posted","Unclassified","No HD Involvement","2026-08-24"
"<a href = ""https://simpler.grants.gov/opportunity/ea7cac0c-01f5-49d7-a2f4-909a606701bc"" target = ""_blank"">RFA-DK-27-109</a>","RFA","Single Source Competition: Continuation of the Cardiovascular Repository for Type 1 Diabetes (CaRe-T1D) - Resource Center (U24 Clinical Trial Not Allowed)",2026-06-04,2026-09-30,"Posted","Unclassified","No HD Involvement","2026-08-24"
"<a href = ""https://simpler.grants.gov/opportunity/f805f95b-6c2f-4ee5-b521-512314d55250"" target = ""_blank"">PAR-27-025</a>","PAR","Paul Calabresi Career Development Award for Clinical Oncology (K12 Clinical Trial Not Allowed)",2026-06-03,2029-03-12,"Posted","Unclassified","No HD Involvement","2026-08-24"
"<a href = ""https://simpler.grants.gov/opportunity/ff1ad4fc-0c0d-417e-a1be-b3afdd1a15dd"" target = ""_blank"">PAR-28-028</a>","PAR","Research on the Ethical, Legal and Social Implications (ELSI) of Genomics",2026-06-03,NA,"Forecasted","Pharmacology & Therapeutics","No HD Involvement","2026-08-24"
"<a href = ""https://simpler.grants.gov/opportunity/00000220-55f5-4691-aec6-6eed51f77f2d"" target = ""_blank"">RFA-CA-27-001</a>","RFA","Early-Stage Innovative Technology Development for Basic and Clinical Cancer Research (R61 Clinical Trial Not Allowed)",2026-06-03,2026-11-10,"Posted","Pharmacology & Therapeutics","No HD Involvement","2026-08-24"
"<a href = ""https://simpler.grants.gov/opportunity/24e288b3-ec28-4135-b845-37ace28563e3"" target = ""_blank"">RFA-CA-27-002</a>","RFA","Advanced Development and Validation of Emerging Technologies for Basic and Clinical Cancer Research (R33 Clinical Trial Not Allowed)",2026-06-03,2026-11-10,"Posted","Pharmacology & Therapeutics","No HD Involvement","2026-08-24"
"<a href = ""https://simpler.grants.gov/opportunity/acffb1c8-72a8-4b71-b471-6a06ca698ab2"" target = ""_blank"">RFA-DK-27-301</a>","RFA","Kidney Precision Medicine Project Recruitment Sites (U01 Clinical Trial Not Allowed)",2026-06-03,2026-07-10,"Closed","Pediatrics","No HD Involvement","2026-08-24"
"<a href = ""https://simpler.grants.gov/opportunity/dbdf9a29-5709-4cbe-8684-4087fc366576"" target = ""_blank"">RFA-DK-27-302</a>","RFA","Kidney Precision Medicine Project Tissue Interrogation Sites (U01 Clinical Trial Not Allowed)",2026-06-03,2026-07-10,"Closed","Unclassified","No HD Involvement","2026-08-24"
"<a href = ""https://simpler.grants.gov/opportunity/6109a72d-3249-473f-9ee0-8b7ec9452356"" target = ""_blank"">RFA-DK-27-303</a>","RFA","Kidney Precision Medicine Project Central Hub (U24 Clinical Trial Not Allowed)",2026-06-03,2026-07-10,"Closed","Unclassified","No HD Involvement","2026-08-24"
"<a href = ""https://simpler.grants.gov/opportunity/11a1ba17-6aeb-4de1-b138-635a62b81cdb"" target = ""_blank"">RFA-HD-27-006</a>","RFA","Novel Experiential Technologies Assisting Individual Learning (NExT AI) Hubs (P20 Clinical Trial Optional)",2026-06-03,2026-10-02,"Posted","Pediatrics; Pharmacology & Therapeutics","HD Primary","2026-08-24"
"<a href = ""https://simpler.grants.gov/opportunity/e1a64f4a-2fa8-49ed-bf04-4b771abf9ee6"" target = ""_blank"">RFA-CA-27-003</a>","RFA","Radiation Oncology-Biology Integration Network (ROBIN) Centers (U54 Clinical Trial Required)",2026-06-02,NA,"Forecasted","Pharmacology & Therapeutics","No HD Involvement","2026-08-24"
"<a href = ""https://simpler.grants.gov/opportunity/e6a93914-3bb7-4b7e-90b8-35bed678fc45"" target = ""_blank"">RFA-HG-28-003</a>","RFA","ancient DNA for Modern Genomics (aDMG) Research Projects (U01 Clinical Trials Not Allowed)",2026-06-02,NA,"Forecasted","Pharmacology & Therapeutics","No HD Involvement","2026-08-24"
"<a href = ""https://simpler.grants.gov/opportunity/1205cb8b-2fda-44bd-b04f-11ba98a5635c"" target = ""_blank"">RFA-HG-28-005</a>","RFA","Limited Competition: The NHGRI Analysis, Visualization, and Informatics Lab-space (AnVIL) (U54 Clinical Trial Not Allowed)",2026-06-02,NA,"Forecasted","Unclassified","No HD Involvement","2026-08-24"
"<a href = ""https://simpler.grants.gov/opportunity/82a041d2-752e-4b3f-9b8c-f881e28d7b8f"" target = ""_blank"">PAR-27-111</a>","PAR","Biological Testing Facility for Contraception & Reproductive Health (X01 Clinical Trial Not Allowed)",2026-06-01,2029-05-07,"Posted","Reproductive Health","HD Primary","2026-08-24"
"<a href = ""https://simpler.grants.gov/opportunity/b59b92fd-fc9b-4355-9414-7546726446c7"" target = ""_blank"">PAR-27-078</a>","PAR","Research Enhancement Award Program (REAP) for Health Professional Schools and Graduate Schools (R15 Clinical Trial Required)",2026-05-29,2027-10-25,"Posted","Unclassified","HD Secondary","2026-08-24"
"<a href = ""https://simpler.grants.gov/opportunity/d1ba49e5-3684-4420-849a-ab2330ec493e"" target = ""_blank"">PA-27-100</a>","PA","NIH, CDC and FDA Small Business Innovation Research Grant (Parent SBIR [R43/R44] Clinical Trial Optional)",2026-05-28,2027-04-05,"Posted","Unclassified","HD Secondary","2026-08-24"
"<a href = ""https://simpler.grants.gov/opportunity/a44b38f2-6d15-4b5b-b1df-788a730bb203"" target = ""_blank"">PA-27-101</a>","PA","NIH Small Business Innovation Research (SBIR) Phase IIB Strategic Breakthrough Award (Parent [R44] Clinical Trial Optional)",2026-05-28,2029-04-05,"Posted","Pharmacology & Therapeutics","HD Secondary","2026-08-24"
"<a href = ""https://simpler.grants.gov/opportunity/ee37f2de-b959-4b45-86a9-43d06c944f24"" target = ""_blank"">PA-27-102</a>","PA","NIH Small Business Technology Transfer Grant (Parent STTR [R41/R42] Clinical Trial Optional)",2026-05-28,2027-04-05,"Posted","Pharmacology & Therapeutics","HD Secondary","2026-08-24"
"<a href = ""https://simpler.grants.gov/opportunity/0460cf3e-ce31-4c12-9237-f5601fc839c8"" target = ""_blank"">PAR-27-074</a>","PAR","Limited Competition: Small Grant Program for Mentored Research Career Development Award Recipients (R03) (Clinical Trials Not Allowed)",2026-05-28,2029-07-16,"Posted","Pharmacology & Therapeutics","No HD Involvement","2026-08-24"
"<a href = ""https://simpler.grants.gov/opportunity/ed6db6b2-d74e-4838-9223-ce72f4895688"" target = ""_blank"">PAR-27-098</a>","PAR","SBIR/STTR Commercialization Readiness Pilot (CRP) Program (Parent SB1 Clinical Trial Optional)",2026-05-28,2029-04-05,"Posted","Unclassified","HD Secondary","2026-08-24"
"<a href = ""https://simpler.grants.gov/opportunity/499ab5d9-0429-43f3-8bf7-6e198e1891c1"" target = ""_blank"">PAR-28-013</a>","PAR","NIDCD Research Fellowship for Audiologists",2026-05-28,NA,"Forecasted","Unclassified","No HD Involvement","2026-08-24"
"<a href = ""https://simpler.grants.gov/opportunity/26116df5-40e6-4c83-8e5a-d90664b418ba"" target = ""_blank"">RFA-MH-27-140</a>","RFA","Optimizing Behavioral Sleep Interventions for Adolescents and Young Adults (R34 Clinical Trial Required)",2026-05-28,2026-10-22,"Posted","Pediatrics","No HD Involvement","2026-08-24"
"<a href = ""https://simpler.grants.gov/opportunity/3702dc53-99c8-4506-ac67-4a017e0bdc73"" target = ""_blank"">RFA-MH-27-180</a>","RFA","Advancing Research on Empirically-Supported Interventions for Older Adults Living with Serious Mental Illness (SMI) (R01 Clinical Trial Optional)",2026-05-28,2026-10-15,"Posted","Unclassified","No HD Involvement","2026-08-24"
"<a href = ""https://simpler.grants.gov/opportunity/6219f5d0-0978-4477-8a3f-13d2c43d8c55"" target = ""_blank"">RFA-NS-27-015</a>","RFA","BRAIN Initiative Connectivity across Scales (BRAIN CONNECTS): Specialized Projects for Scalable Technologies (U01 Clinical Trial Not Allowed)",2026-05-28,2027-10-04,"Posted","Pharmacology & Therapeutics","HD Secondary","2026-08-24"
"<a href = ""https://simpler.grants.gov/opportunity/25e7d7f0-6668-445d-9655-897ef3b56d9a"" target = ""_blank"">RFA-OD-27-006</a>","RFA","Maximizing the Scientific Value of Data Generated by the Environmental influences on Child Health Outcomes (ECHO) Program: Dissertation Grant (R36 - Clinical Trial Not Allowed)",2026-05-28,2026-10-15,"Posted","Pregnancy & Lactation; Pediatrics","No HD Involvement","2026-08-24"
"<a href = ""https://simpler.grants.gov/opportunity/eb924fc8-e988-4b1e-be61-18d84a72a73d"" target = ""_blank"">RFA-OD-27-008</a>","RFA","Maximizing the Scientific Value of Data Generated by the Environmental Influences on Child Health Outcomes (ECHO) Program: Ruth L. Kirschstein National Research Service Award (NRSA) Individual Postdoctoral Fellowship (F32)",2026-05-28,2026-12-02,"Posted","Pregnancy & Lactation; Pediatrics","No HD Involvement","2026-08-24"
"<a href = ""https://simpler.grants.gov/opportunity/86b34b22-1c01-4d94-8256-f582a1f0af24"" target = ""_blank"">PAR-27-039</a>","PAR","Small Business Transition Grant for New Entrepreneurs (Parent R43/R44 Clinical Trial Optional)",2026-05-27,NA,"Forecasted","Pharmacology & Therapeutics","HD Secondary","2026-08-24"
"<a href = ""https://simpler.grants.gov/opportunity/2edbb110-beb6-4fb6-a884-da3e8130db32"" target = ""_blank"">PAR-27-040</a>","PAR","Small Business Transition Grant for New Entrepreneurs (Parent R41/R42 Clinical Trial Optional)",2026-05-27,NA,"Forecasted","Pharmacology & Therapeutics","HD Secondary","2026-08-24"
"<a href = ""https://simpler.grants.gov/opportunity/068900fa-8b72-47a1-83e4-ce1be082203d"" target = ""_blank"">PAR-27-062</a>","PAR","Academic Career Excellence (ACE) Award (K32 Independent Clinical Trial Not Allowed)",2026-05-27,2029-07-12,"Posted","Unclassified","No HD Involvement","2026-08-24"
"<a href = ""https://simpler.grants.gov/opportunity/ca93b895-6ca4-4379-b016-ff97bbb6ce41"" target = ""_blank"">PAR-27-067</a>","PAR","Limited Competition: Instrumentation Grant Program for Resource-Limited Institutions (S10 - Clinical Trial Not Allowed)",2026-05-27,2029-01-26,"Posted","Unclassified","No HD Involvement","2026-08-24"
"<a href = ""https://simpler.grants.gov/opportunity/f4032b37-ad39-401e-bd3b-01ad8b477cf0"" target = ""_blank"">PAR-28-024</a>","PAR","Single Source: Institutional Development Award (IDeA) Clinical Research Resource Center (I-CRRC)",2026-05-27,NA,"Forecasted","Unclassified","No HD Involvement","2026-08-24"
"<a href = ""https://simpler.grants.gov/opportunity/81ac49ff-ffb4-4f46-ba07-5c856a051b0c"" target = ""_blank"">PAR-28-025</a>","PAR","Single Source: Resource Center for the Support for Research Excellence (SuRE) Program",2026-05-27,NA,"Forecasted","Unclassified","No HD Involvement","2026-08-24"
"<a href = ""https://simpler.grants.gov/opportunity/92c41050-4371-40ab-a961-81f4a376889d"" target = ""_blank"">RFA-HL-27-002</a>","RFA","Single Source: Cardiothoracic Surgical Trials Network (CTSN) Data Coordinating Center (U01 Clinical Trial Required)",2026-05-27,2026-07-07,"Closed","Unclassified","No HD Involvement","2026-08-24"
"<a href = ""https://simpler.grants.gov/opportunity/f0e22efe-3e83-434a-b418-94eecc8718d7"" target = ""_blank"">RFA-NS-27-006</a>","RFA","NINDS Child Neurology Career Development Program (CNCDP) (K12 - Clinical Trial Not Allowed)",2026-05-27,2026-07-10,"Closed","Pediatrics","No HD Involvement","2026-08-24"
"<a href = ""https://simpler.grants.gov/opportunity/5bee6178-e0a0-4f52-9dc7-bf54a8186f35"" target = ""_blank"">PAR-29-004</a>","PAR","Limited Competition: Biomedical Research Environment & Sponsored Programs Administration Development (BRE-SPAD) Program",2026-05-26,NA,"Forecasted","Unclassified","No HD Involvement","2026-08-24"
"<a href = ""https://simpler.grants.gov/opportunity/f2fb62da-c1e8-405b-b76a-d4908c51f2c3"" target = ""_blank"">RFA-CA-27-006</a>","RFA","NCI Community Oncology Research Program (NCORP) Research Bases (UG1 Clinical Trial Required)",2026-05-21,2026-09-18,"Posted","Pediatrics; Pharmacology & Therapeutics","No HD Involvement","2026-08-24"
"<a href = ""https://simpler.grants.gov/opportunity/2c746e95-e5dd-4bb4-af3e-ced726720d88"" target = ""_blank"">RFA-CA-27-007</a>","RFA","NCI Community Oncology Research Program (NCORP) Community Sites (UG1 Clinical Trial Not Allowed)",2026-05-21,2026-09-18,"Posted","Pediatrics","No HD Involvement","2026-08-24"
"<a href = ""https://simpler.grants.gov/opportunity/e749b186-9043-4eb2-9288-4833ede537f7"" target = ""_blank"">RFA-CA-27-008</a>","RFA","NCI Community Oncology Research Program (NCORP) Academic Community Sites (UG1 Clinical Trials Not Allowed)",2026-05-21,2026-09-18,"Posted","Pediatrics","No HD Involvement","2026-08-24"
"<a href = ""https://simpler.grants.gov/opportunity/c8944dab-96c4-4db9-ad50-9802ffc7228c"" target = ""_blank"">RFA-CA-27-019</a>","RFA","Early-Stage Development of Informatics Technologies for Cancer Research and Management (U01 Clinical Trial Optional)",2026-05-21,2027-10-19,"Posted","Pharmacology & Therapeutics","No HD Involvement","2026-08-24"
"<a href = ""https://simpler.grants.gov/opportunity/21641587-9295-49dc-811b-95337df4af5c"" target = ""_blank"">RFA-CA-27-020</a>","RFA","Advanced Development of Informatics Technologies for Cancer Research and Management (U24 Clinical Trial Optional)",2026-05-21,2026-10-19,"Posted","Pharmacology & Therapeutics","No HD Involvement","2026-08-24"
"<a href = ""https://simpler.grants.gov/opportunity/0dbbed9f-dfa7-421b-b6f6-941de5a77342"" target = ""_blank"">RFA-CA-27-021</a>","RFA","Sustained Support for Informatics Technologies for Cancer Research and Management (U24 Clinical Trial Optional)",2026-05-21,2026-10-19,"Posted","Pharmacology & Therapeutics","No HD Involvement","2026-08-24"
"<a href = ""https://simpler.grants.gov/opportunity/091935c9-a2f8-4a38-b635-ad9c17862d81"" target = ""_blank"">RFA-DA-27-015</a>","RFA","Establishing a Center for the Advancement of Substance Use Disorder (SUD) Pharmacotherapeutics through Training and Preclinical Support (U54 Clinical Trial Not Allowed)",2026-05-21,2026-09-30,"Posted","Pharmacology & Therapeutics","No HD Involvement","2026-08-24"
"<a href = ""https://simpler.grants.gov/opportunity/dda0191e-e96c-484e-929b-eff4feb59d12"" target = ""_blank"">PAR-28-019</a>","PAR","Integrated Specific Pathogen Free Research Models and Human New Approach Methodologies to Advance HIV/AIDS Research (U42 Clinical Trial Not Allowed)",2026-05-20,NA,"Forecasted","Pharmacology & Therapeutics","No HD Involvement","2026-08-24"
"<a href = ""https://simpler.grants.gov/opportunity/e30d88b1-d2e7-4ea7-a014-a2814177bdf6"" target = ""_blank"">RFA-DC-27-003</a>","RFA","Transformative Non-Invasive/Minimally Invasive Technologies for Imaging the Olfactory System Across Scales (R01 CT Optional)",2026-05-20,2028-08-21,"Posted","Pharmacology & Therapeutics","No HD Involvement","2026-08-24"
"<a href = ""https://simpler.grants.gov/opportunity/8156f1df-115c-41f0-85d7-a3c9c821361f"" target = ""_blank"">RFA-DK-27-126</a>","RFA","Kidney, Urologic, and Hematologic Diseases - Fostering the AdvanceMent of an Interactive Learning communitY - Coordinating Center (KUH-FAMILY) (U24- Clinical Trials Not Allowed)",2026-05-20,2026-07-01,"Closed","Unclassified","No HD Involvement","2026-08-24"
"<a href = ""https://simpler.grants.gov/opportunity/15373c25-322a-433e-b21d-bf3fc77a80e3"" target = ""_blank"">RFA-DK-27-147</a>","RFA","Single Source for Continuation of the Integrated Islet Distribution Program U24 (Clinical Trial Not Allowed)",2026-05-20,2026-09-30,"Posted","Unclassified","No HD Involvement","2026-08-24"
"<a href = ""https://simpler.grants.gov/opportunity/aae1388d-369b-4899-be47-2b34c587b623"" target = ""_blank"">PAR-27-069</a>","PAR","Accelerating Discovery through Partnered Research with All of Us to Analyze Participant Biospecimens (X01 Clinical Trial Not Allowed)",2026-05-19,2027-03-01,"Posted","Unclassified","No HD Involvement","2026-08-24"
"<a href = ""https://simpler.grants.gov/opportunity/23d60eec-baee-4017-9697-0d41cfbacb18"" target = ""_blank"">RFA-AR-27-002</a>","RFA","HEAL INITIATIVE: INTERACT Data Coordination and Integration Center (U24 Clinical Trial Not Allowed)",2026-05-19,2026-10-01,"Posted","Unclassified","No HD Involvement","2026-08-24"
"<a href = ""https://simpler.grants.gov/opportunity/daffbf0f-45f1-423b-8b6d-e994db43ce08"" target = ""_blank"">RFA-ES-27-004</a>","RFA","Limited Competition: Superfund Hazardous Substance Research and Training Program (P42 Clinical Trial Optional)",2026-05-19,2028-09-25,"Posted","Unclassified","No HD Involvement","2026-08-24"
"<a href = ""https://simpler.grants.gov/opportunity/15fcc9fd-12c5-4cd5-bfea-17af1566cf90"" target = ""_blank"">RFA-HD-27-007</a>","RFA","Using Archived Data and Specimen Collections to Advance Maternal and Pediatric HIV/AIDS Research (R21 CT Not Allowed)",2026-05-19,2028-10-20,"Posted","Pregnancy & Lactation; Pediatrics","HD Primary","2026-08-24"
"<a href = ""https://simpler.grants.gov/opportunity/50051f47-15ec-4ac5-bf34-64943efe3463"" target = ""_blank"">RFA-HL-27-008</a>","RFA","HeartShare 2.0: Refining Heart Failure Subtypes and Treatment Targets for Personalized Clinical Trials - Clinical Trial Center and Clinical Centers (U01 Clinical Trial Optional)",2026-05-19,2026-07-09,"Closed","Unclassified","No HD Involvement","2026-08-24"
"<a href = ""https://simpler.grants.gov/opportunity/d77073bb-5333-4545-bcfd-066ba6a90208"" target = ""_blank"">RFA-HL-27-009</a>","RFA","Single Source: HeartShare 2.0: Refining Heart Failure Subtypes and Treatment Targets for Personalized Clinical Trials - Data Translation Center (U54 Clinical Trial Optional)",2026-05-19,2026-07-09,"Closed","Unclassified","No HD Involvement","2026-08-24"
"<a href = ""https://simpler.grants.gov/opportunity/7a4a9822-f39f-464d-8a1d-d941afaebcdf"" target = ""_blank"">RFA-AG-27-005</a>","RFA","The NIA Genetics of Alzheimer's Disease Data Storage Site (NIAGADS)",2026-05-18,NA,"Forecasted","Unclassified","No HD Involvement","2026-08-24"
"<a href = ""https://simpler.grants.gov/opportunity/50d300a2-0377-4080-8f75-bb859772abfc"" target = ""_blank"">RFA-HD-27-012</a>","RFA","Limited Competition: Intellectual and Developmental Disabilities Research Centers 2027 (P50 Clinical Trial Optional)",2026-05-15,2026-10-02,"Posted","Pediatrics; Pharmacology & Therapeutics","HD Primary","2026-08-24"
"<a href = ""https://simpler.grants.gov/opportunity/ce88b262-95b3-4f53-942d-41dc3ff2fa7f"" target = ""_blank"">RFA-OD-27-005</a>","RFA","INCLUDE Project: Clinical Trials Phased Awards for Down syndrome Research (R61/R33 Clinical Trial Required)",2026-05-13,2028-06-15,"Posted","Pediatrics","HD Secondary","2026-08-24"
"<a href = ""https://simpler.grants.gov/opportunity/9a4aeb2f-d0ac-403b-ac67-9d1fd24d9556"" target = ""_blank"">PAR-27-032</a>","PAR","Maximizing Investigators’ Research Award (MIRA) for Early Stage Investigators (ESI)",2026-05-12,2029-02-06,"Posted","Pharmacology & Therapeutics","No HD Involvement","2026-08-24"
"<a href = ""https://simpler.grants.gov/opportunity/e0cc79e9-8179-4567-9776-7dc57f4e8e3c"" target = ""_blank"">PAR-27-103</a>","PAR","Enhancement and Management of Established Biomedical Data Repositories and Knowledgebases (R24 Clinical Trial Not Allowed)",2026-05-12,NA,"Forecasted","Unclassified","No HD Involvement","2026-08-24"
"<a href = ""https://simpler.grants.gov/opportunity/23edd3f8-80e8-4537-b9ba-d0b852b29deb"" target = ""_blank"">PAR-28-017</a>","PAR","National Biomedical Research Centers (P50 Clinical Trial Optional)",2026-05-12,NA,"Forecasted","Pharmacology & Therapeutics","No HD Involvement","2026-08-24"
"<a href = ""https://simpler.grants.gov/opportunity/dd11fec8-7502-4ea4-b1c4-d2cfd69cd517"" target = ""_blank"">RFA-DC-28-007</a>","RFA","Advancing Screening, Diagnosis, and Referral for Late Talking Children",2026-05-12,NA,"Forecasted","Pediatrics","No HD Involvement","2026-08-24"
"<a href = ""https://simpler.grants.gov/opportunity/61b3fa3d-491d-4a13-b580-2000a9d17564"" target = ""_blank"">RFA-HL-27-004</a>","RFA","Limited Competition: Small Grant Program for NHLBI K01/K08/K23/K25 Recipients (R03 Clinical Trial Optional)",2026-05-12,2028-11-07,"Posted","Pharmacology & Therapeutics","No HD Involvement","2026-08-24"
"<a href = ""https://simpler.grants.gov/opportunity/5d3176e5-2dab-44c7-b2eb-8061f68175ac"" target = ""_blank"">RFA-OD-27-003</a>","RFA","INCLUDE Project: Exploratory/Developmental Research Awards for Down syndrome (R21 Clinical Trial Not Allowed)",2026-05-12,2028-06-15,"Posted","Pediatrics","HD Secondary","2026-08-24"
"<a href = ""https://simpler.grants.gov/opportunity/06492205-bcf9-41af-bbb8-fb7bd5370599"" target = ""_blank"">RFA-OD-27-004</a>","RFA","INCLUDE Project: Transformative Research Awards for Down syndrome (R01 Clinical Trial Not Allowed)",2026-05-12,2028-06-15,"Posted","Pediatrics; Pharmacology & Therapeutics","HD Secondary","2026-08-24"
"<a href = ""https://simpler.grants.gov/opportunity/78a9c523-d495-4606-a9c2-b67724d68434"" target = ""_blank"">RFA-CA-27-016</a>","RFA","The Experimental Therapeutics Clinical Trials Network (ETCTN) Lead Academic Organizations (UM1 Clinical Trial Required)",2026-05-08,2026-06-30,"Closed","Pharmacology & Therapeutics","No HD Involvement","2026-08-24"
"<a href = ""https://simpler.grants.gov/opportunity/ff549a86-4282-455d-8b19-11a34adcf764"" target = ""_blank"">RFA-CA-27-017</a>","RFA","The Experimental Therapeutics Clinical Trials Network (ETCTN) Pharmacokinetic Resource Laboratory (U24 Clinical Trial Not Allowed)",2026-05-08,2026-06-30,"Closed","Pharmacology & Therapeutics","No HD Involvement","2026-08-24"
"<a href = ""https://simpler.grants.gov/opportunity/9b4ae9e9-8f44-494c-9f45-95774b2c84f4"" target = ""_blank"">PAR-27-082</a>","PAR","NIAID Investigator Initiated Program Project Applications (P01 Clinical Trial Not Allowed)",2026-05-07,2029-05-25,"Posted","Pharmacology & Therapeutics","No HD Involvement","2026-08-24"
"<a href = ""https://simpler.grants.gov/opportunity/0fd59028-511b-4bb2-958a-75cb11d17353"" target = ""_blank"">PAR-27-083</a>","PAR","NIAID Resource-Related Research Projects (R24 Clinical Trial Not Allowed)",2026-05-07,2029-05-25,"Posted","Pharmacology & Therapeutics","No HD Involvement","2026-08-24"
"<a href = ""https://simpler.grants.gov/opportunity/b5b9d054-554e-47b1-a1ba-1e302c6e6589"" target = ""_blank"">PAR-27-097</a>","PAR","NIDA Core ""Center of Transformative Science"" Grant Program",2026-05-07,NA,"Forecasted","Pharmacology & Therapeutics","No HD Involvement","2026-08-24"
"<a href = ""https://simpler.grants.gov/opportunity/3a152e00-fe8e-4e29-b30e-efc659bb83dd"" target = ""_blank"">PAR-28-016</a>","PAR","Intervention Research to Improve Native American Health",2026-05-07,NA,"Forecasted","Pharmacology & Therapeutics","No HD Involvement","2026-08-24"
"<a href = ""https://simpler.grants.gov/opportunity/9560959b-f3b5-4d8e-9306-8d87996ed72a"" target = ""_blank"">RFA-DA-27-012</a>","RFA","NIH Blueprint Initiative: Tools for Germline Gene Editing in the Nervous System",2026-05-07,NA,"Forecasted","Pediatrics","No HD Involvement","2026-08-24"
"<a href = ""https://simpler.grants.gov/opportunity/73712c84-83f0-4442-8b58-7b75836a9596"" target = ""_blank"">PAR-27-029</a>","PAR","Research Resource for a National Swine Resource and Research Center (U42 Clinical Trial Not Allowed)",2026-05-06,NA,"Forecasted","Unclassified","No HD Involvement","2026-08-24"
"<a href = ""https://simpler.grants.gov/opportunity/328db24c-35c9-42ea-91b0-acfcb3aeb6de"" target = ""_blank"">PAR-27-088</a>","PAR","NCI Research Specialist Award for Core and Laboratory-based Scientists (R50 Clinical Trial Not Allowed)",2026-05-06,NA,"Forecasted","Unclassified","No HD Involvement","2026-08-24"
"<a href = ""https://simpler.grants.gov/opportunity/2b529176-2d03-42a4-8057-4736a55db1be"" target = ""_blank"">PAR-27-089</a>","PAR","NCI Research Specialist (Clinician Scientist) Award (R50 Clinical Trial Not Allowed)",2026-05-06,NA,"Forecasted","Unclassified","No HD Involvement","2026-08-24"
"<a href = ""https://simpler.grants.gov/opportunity/a17265a0-a839-4e4a-b114-49c9254cd4a7"" target = ""_blank"">PAR-27-077</a>","PAR","NIH Science Education Partnership Award (SEPA) (R25 - Clinical Trial Not Allowed)",2026-05-05,2029-05-25,"Posted","Pharmacology & Therapeutics","No HD Involvement","2026-08-24"
"<a href = ""https://simpler.grants.gov/opportunity/4fa4f79e-d43d-42c9-9269-f219c7bc09df"" target = ""_blank"">PAR-27-072</a>","PAR","Bioengineering Research Grants (BRG) (R01 Clinical Trial Optional)",2026-05-04,2029-07-05,"Posted","Unclassified","HD Secondary","2026-08-24"
"<a href = ""https://simpler.grants.gov/opportunity/0536c0e6-e21d-4548-8511-a293babd20b8"" target = ""_blank"">PAR-27-073</a>","PAR","Research Opportunities in Cancer Epidemiology Cohort Studies (U01 Clinical Trial Not Allowed)",2026-05-04,2029-07-05,"Posted","Unclassified","No HD Involvement","2026-08-24"
"<a href = ""https://simpler.grants.gov/opportunity/de7d61a1-0bcd-4983-a87e-eb5be4860516"" target = ""_blank"">PAR-27-075</a>","PAR","CCRP Initiative: Promoting a Basic Understanding of Chemical Threats to Skin (R01 Clinical Trial Not Allowed)",2026-05-04,2028-11-05,"Posted","Unclassified","No HD Involvement","2026-08-24"
"<a href = ""https://simpler.grants.gov/opportunity/a968f5d6-6f8f-49af-895d-b25227674717"" target = ""_blank"">PAR-27-081</a>","PAR","Discovery of in vivo Chemical Probes for the Nervous System (R01 Clinical Trial Not Allowed)",2026-05-04,2027-03-05,"Posted","Pharmacology & Therapeutics","No HD Involvement","2026-08-24"
"<a href = ""https://simpler.grants.gov/opportunity/11303a9d-cdcf-4f67-9948-553ad3a7e04b"" target = ""_blank"">RFA-AI-27-012</a>","RFA","Coccidioidomycosis Collaborative Research Centers (P01 Clinical Trial Not Allowed)",2026-05-04,2026-07-09,"Closed","Pharmacology & Therapeutics","No HD Involvement","2026-08-24"
"<a href = ""https://simpler.grants.gov/opportunity/e69c1e21-0138-46be-8b75-3d6967e80238"" target = ""_blank"">RFA-AI-27-016</a>","RFA","Tuberculosis Research Advancement Centers (TRACs) (P30 Clinical Trial Not Allowed)",2026-05-04,2026-07-10,"Closed","Unclassified","No HD Involvement","2026-08-24"
"<a href = ""https://simpler.grants.gov/opportunity/29cb8db4-585f-4e67-a21e-235ec9bf6829"" target = ""_blank"">RFA-DC-27-004</a>","RFA","BRAIN Initiative: Exploratory Research Opportunities Using Invasive Neural Recording and Stimulating Technologies in the Human Brain (R61 Clinical Trial Not Allowed)",2026-05-04,2027-02-11,"Posted","Pharmacology & Therapeutics","HD Secondary","2026-08-24"
"<a href = ""https://simpler.grants.gov/opportunity/46e104c3-575e-450a-b2bb-d2782aa961c4"" target = ""_blank"">RFA-DE-27-002</a>","RFA","Accelerating Product Excellence in Innovation and for Clinical Adoption (APEx) (U24 Clinical Trial Not Allowed)",2026-05-04,2026-07-10,"Closed","Developmental Biology; Pharmacology & Therapeutics","No HD Involvement","2026-08-24"
"<a href = ""https://simpler.grants.gov/opportunity/0e61d658-5a10-46a1-9449-93a3c1ed768b"" target = ""_blank"">RFA-NS-26-001</a>","RFA","Amyotrophic Lateral Sclerosis (ALS) Intermediate Patient Population Expanded Access (U01 Clinical Trial Required)",2026-05-04,2026-11-10,"Posted","Pharmacology & Therapeutics","No HD Involvement","2026-08-24"
"<a href = ""https://simpler.grants.gov/opportunity/106cd2d3-4fa8-4b20-a519-4eed2b256b3c"" target = ""_blank"">PAR-28-010</a>","PAR","NIH Pragmatic Trials Conducted in Health Care Systems",2026-04-29,NA,"Forecasted","Unclassified","No HD Involvement","2026-08-24"
"<a href = ""https://simpler.grants.gov/opportunity/50a28cda-9dcb-4999-bc2c-75ad4e7cc547"" target = ""_blank"">RFA-MH-27-135</a>","RFA","Addressing Methodological Challenges with Clinical Trials of Rapid-Acting Psychotropic Interventional Drugs (RAPIDs) (R01 Clinical Trial Required)",2026-04-29,2026-10-11,"Posted","Pharmacology & Therapeutics","No HD Involvement","2026-08-24"
"<a href = ""https://simpler.grants.gov/opportunity/b08f815b-a840-48cb-bd2e-62caa8fd5482"" target = ""_blank"">PAR-28-011</a>","PAR","Feasibility Studies to Inform the Design of Future Clinical Trials",2026-04-28,NA,"Forecasted","Unclassified","No HD Involvement","2026-08-24"
"<a href = ""https://simpler.grants.gov/opportunity/18488b3f-1307-44af-90c9-c9bd13a857c0"" target = ""_blank"">RFA-AG-28-001</a>","RFA","Claude D. Pepper Older Americans Independence Centers",2026-04-28,NA,"Forecasted","Unclassified","No HD Involvement","2026-08-24"
"<a href = ""https://simpler.grants.gov/opportunity/e62cf002-ae6f-43c5-a5d2-780e7877f0c6"" target = ""_blank"">RFA-AT-27-002</a>","RFA","Establishing a Research Network to Guide Foundational Research on Human Consciousness",2026-04-28,NA,"Forecasted","Pharmacology & Therapeutics","No HD Involvement","2026-08-24"
"<a href = ""https://simpler.grants.gov/opportunity/c4e39e95-ac54-466c-8d9a-774c50c6247c"" target = ""_blank"">PAR-27-015</a>","PAR","Community-Based Participatory Research to Advance Data and Practice Transformation (ADAPT) for Optimizing Oral Health for All (UG3/UH3 Clinical Trial Optional)",2026-04-27,2028-11-16,"Posted","Unclassified","No HD Involvement","2026-08-24"
"<a href = ""https://simpler.grants.gov/opportunity/07b5ef08-35da-4934-94a6-389b5dd4e221"" target = ""_blank"">RFA-DE-27-001</a>","RFA","Community Engagement Evaluation and Data Coordination (CEED) Hub to Advance Data and Practice Transformation for Optimizing Oral Health for All (U01, Clinical Trial Not Allowed)",2026-04-27,2026-10-19,"Posted","Unclassified","No HD Involvement","2026-08-24"
"<a href = ""https://simpler.grants.gov/opportunity/bfdf98bd-f2ab-4070-bce9-fd7dedb57e31"" target = ""_blank"">PAR-28-009</a>","PAR","A Holistic Approach to Study Non-Addictive Natural Products for Pain Management",2026-04-22,NA,"Forecasted","Pharmacology & Therapeutics","No HD Involvement","2026-08-24"
"<a href = ""https://simpler.grants.gov/opportunity/6bb622a8-8308-496a-9c79-2e31062a6873"" target = ""_blank"">RFA-AI-27-014</a>","RFA","Development of Candidate Medical Countermeasures (MCMs) and Technologies Against Chemical or Radiation/Nuclear (CRN) Threats",2026-04-09,NA,"Forecasted","Pharmacology & Therapeutics","No HD Involvement","2026-08-24"
"<a href = ""https://simpler.grants.gov/opportunity/ee02df6a-c51f-4045-8833-8c0dc02b2a39"" target = ""_blank"">RFA-AI-27-017</a>","RFA","Cooperative Program for Modeling Clinical Transplantation",2026-04-09,NA,"Forecasted","Pharmacology & Therapeutics","No HD Involvement","2026-08-24"
"<a href = ""https://simpler.grants.gov/opportunity/bb3b6580-5f03-45b2-bde5-487493826c63"" target = ""_blank"">RFA-AI-28-024</a>","RFA","Accelerating Research and Development of Next Generation Malaria Vaccines Against Malaria – A Model for Mosquito-Borne Diseases",2026-04-09,NA,"Forecasted","Pharmacology & Therapeutics","No HD Involvement","2026-08-24"
"<a href = ""https://simpler.grants.gov/opportunity/c28e0695-f517-40da-8653-0cb40f65bc59"" target = ""_blank"">RFA-AI-28-001</a>","RFA","HIV/AIDS Clinical Trials Network Leadership and Operations Centers",2026-04-08,NA,"Forecasted","Pregnancy & Lactation; Pediatrics; Pharmacology & Therapeutics","No HD Involvement","2026-08-24"
"<a href = ""https://simpler.grants.gov/opportunity/ecf72cc5-cff3-43fb-922f-1b27d5fb890a"" target = ""_blank"">RFA-AI-28-002</a>","RFA","HIV/AIDS Clinical Trials Network Laboratory Centers",2026-04-08,NA,"Forecasted","Pharmacology & Therapeutics","No HD Involvement","2026-08-24"
"<a href = ""https://simpler.grants.gov/opportunity/162979f5-6831-4553-9522-450d46d92b6d"" target = ""_blank"">RFA-AI-28-003</a>","RFA","HIV/AIDS Clinical Trials Network Statistical and Data Management Centers",2026-04-08,NA,"Forecasted","Unclassified","No HD Involvement","2026-08-24"
"<a href = ""https://simpler.grants.gov/opportunity/656b470c-38fc-441c-8675-f04f75b507d0"" target = ""_blank"">RFA-AI-28-004</a>","RFA","HIV/AIDS Clinical Trials Network Clinical Trials Units",2026-04-08,NA,"Forecasted","Unclassified","No HD Involvement","2026-08-24"
"<a href = ""https://simpler.grants.gov/opportunity/0edb3126-b0e0-4722-8c45-79b63b7cdf39"" target = ""_blank"">RFA-RM-27-025</a>","RFA","Cellular Senescence Network (SenNet): SenNet Data Coordination and Integration Center (SenNet DCIC) (UM1 Clinical Trials Not Allowed)",2026-04-08,NA,"Forecasted","Unclassified","No HD Involvement","2026-08-24"
"<a href = ""https://simpler.grants.gov/opportunity/4646b7aa-0742-4793-8407-1b802ba78f50"" target = ""_blank"">PA-28-011</a>","PA","NIH Specialized Center Grant (Parent P50)",2026-04-07,NA,"Forecasted","Unclassified","No HD Involvement","2026-08-24"
"<a href = ""https://simpler.grants.gov/opportunity/e0e1e368-32db-4786-84d6-910d1ec6e17d"" target = ""_blank"">PAR-27-009</a>","PAR","Single Source: Coordinating Center (CC) for the Small Cell Lung Cancer (SCLC) Consortium (U24 Clinical Trial Not Allowed)",2026-03-24,NA,"Forecasted","Pharmacology & Therapeutics","No HD Involvement","2026-08-24"
"<a href = ""https://simpler.grants.gov/opportunity/2ea3951b-2890-455c-b746-820bf32f7560"" target = ""_blank"">PAR-27-011</a>","PAR","Single-Site Investigator-Initiated Clinical Trials (R61/R33 Clinical Trial Required)",2026-03-18,2028-11-02,"Posted","Pharmacology & Therapeutics","No HD Involvement","2026-08-24"
"<a href = ""https://simpler.grants.gov/opportunity/1aac28d7-35c3-4d06-bdbc-719fc81796c0"" target = ""_blank"">PAR-27-012</a>","PAR","Clinical Coordinating Center for Multi-Site Investigator-Initiated Clinical Trials (Collaborative UG3/UH3 Clinical Trial Required)",2026-03-18,2028-11-02,"Posted","Pharmacology & Therapeutics","No HD Involvement","2026-08-24"
"<a href = ""https://simpler.grants.gov/opportunity/9eef95f7-4437-45bc-810a-2514c89f8019"" target = ""_blank"">PAR-27-013</a>","PAR","Data Coordinating Center for Multi-Site Investigator-Initiated Clinical Trials (Collaborative U24 Clinical Trial Required)",2026-03-18,2028-11-02,"Posted","Pharmacology & Therapeutics","No HD Involvement","2026-08-24"
"<a href = ""https://simpler.grants.gov/opportunity/2ecdb765-c837-4a2c-b640-b798713b80ef"" target = ""_blank"">RFA-CA-26-010</a>","RFA","Canine Cancer Immunotherapy Network (K9CIN; U01 Clinical Trial Not Allowed)",2026-03-18,NA,"Forecasted","Pharmacology & Therapeutics","No HD Involvement","2026-08-24"
"<a href = ""https://simpler.grants.gov/opportunity/ca4b0eed-ef31-4a8c-961f-65955cce9cfc"" target = ""_blank"">RFA-CA-26-011</a>","RFA","Single source: Childhood Cancer Survivor Study (U24 Clinical Trial Not Allowed)",2026-03-18,NA,"Forecasted","Pediatrics","No HD Involvement","2026-08-24"
"<a href = ""https://simpler.grants.gov/opportunity/42df9ed2-0331-41fd-8d9b-6040ec13e4c9"" target = ""_blank"">PAR-26-093</a>","PAR","Exploratory Clinical Neuroscience Research on Substance Use Disorders",2026-03-16,NA,"Forecasted","Pharmacology & Therapeutics","No HD Involvement","2026-08-24"
"<a href = ""https://simpler.grants.gov/opportunity/2d9c4298-6c64-4b86-b74d-89fa990d3666"" target = ""_blank"">PAR-27-007</a>","PAR","Clinical Trials and Ancillary Studies Conducted within NIH-Funded Clinical Trial Research Networks (UG3/UH3 - Clinical Trial Required)",2026-03-16,NA,"Forecasted","Unclassified","No HD Involvement","2026-08-24"
"<a href = ""https://simpler.grants.gov/opportunity/3021f11a-dd6c-4d15-9406-c2d7594a2e79"" target = ""_blank"">PAR-27-008</a>","PAR","Advanced Laboratories for Accelerating the Reach and Impact of Treatments for Youth and Adults with Mental Illness (ALACRITY) Research Centers",2026-03-16,NA,"Forecasted","Pediatrics; Pharmacology & Therapeutics","No HD Involvement","2026-08-24"
"<a href = ""https://simpler.grants.gov/opportunity/2fdf6077-9b03-431f-a642-73044d110f34"" target = ""_blank"">RFA-MH-27-110</a>","RFA","Impact of Immunotherapies on CNS Outcomes in People with HIV: Potential Benefits, Challenges and Risks",2026-03-16,NA,"Forecasted","Unclassified","No HD Involvement","2026-08-24"
"<a href = ""https://simpler.grants.gov/opportunity/27344320-2b7e-47b2-afd7-b6f6f9360b1f"" target = ""_blank"">RFA-NS-26-028</a>","RFA","HEAL Initiative: Optimization of Therapeutic Medical Devices through Team Science Mechanistic Research (RM1)",2026-03-16,NA,"Forecasted","Pharmacology & Therapeutics","No HD Involvement","2026-08-24"
"<a href = ""https://simpler.grants.gov/opportunity/64fca4f7-f19f-4654-a26b-0866a452cc8f"" target = ""_blank"">PAR-26-129</a>","PAR","Systematic Testing of Radionuclides in Preclinical Experiments (STRIPE, RP1 Clinical Trial Not Allowed)",2026-03-11,NA,"Forecasted","Pharmacology & Therapeutics","No HD Involvement","2026-08-24"
"<a href = ""https://simpler.grants.gov/opportunity/19cdbfa9-20f5-423f-9b45-cfff9feda6b3"" target = ""_blank"">RFA-MH-27-120</a>","RFA","BRAIN Initiative Cell Atlas Network (BICAN): Coordinating Unit for Biostatistics, Informatics, and Engagement (CUBIE)",2026-03-11,NA,"Forecasted","Unclassified","No HD Involvement","2026-08-24"
"<a href = ""https://simpler.grants.gov/opportunity/d63a14af-6c35-4920-9a31-53d5aef8fd33"" target = ""_blank"">RFA-MH-28-100</a>","RFA","BRAIN Initiative: Data Archives for the BRAIN Initiative",2026-03-11,NA,"Forecasted","Pharmacology & Therapeutics","No HD Involvement","2026-08-24"
"<a href = ""https://simpler.grants.gov/opportunity/753762d3-a429-4720-9d59-f483298d5705"" target = ""_blank"">RFA-NS-26-031</a>","RFA","Exposomic Contributions to ADRD Pathology and Resilience",2026-03-11,NA,"Forecasted","Unclassified","No HD Involvement","2026-08-24"
"<a href = ""https://simpler.grants.gov/opportunity/cd037a29-c61c-4e15-b08e-ced02b67de37"" target = ""_blank"">RFA-NS-26-032</a>","RFA","Centers without Walls for mechanisms of neurodegeneration in Alzheimer’s disease-related dementias (ADRD)",2026-03-11,NA,"Forecasted","Pharmacology & Therapeutics","No HD Involvement","2026-08-24"
"<a href = ""https://simpler.grants.gov/opportunity/dd9e8c2b-29ce-4232-949d-4fdd432fbec1"" target = ""_blank"">RFA-NS-26-034</a>","RFA","Functional Target Validation for Alzheimer's Disease-Related Dementias",2026-03-11,NA,"Forecasted","Pharmacology & Therapeutics","No HD Involvement","2026-08-24"
"<a href = ""https://simpler.grants.gov/opportunity/b1494dba-7b03-40d8-8787-04576f3b5f13"" target = ""_blank"">PAR-26-149</a>","PAR","Cancer Center Support Grants (CCSGs) for NCI-designated Cancer Centers (P30 Clinical Trial Optional)",2026-03-10,NA,"Forecasted","Unclassified","No HD Involvement","2026-08-24"
"<a href = ""https://simpler.grants.gov/opportunity/e9757eee-7beb-4f2d-ab72-fe511b6c513c"" target = ""_blank"">PAR-26-150</a>","PAR","Early-Onset Cancers: Investigating Etiology, Mechanisms, and Early Detection Strategies (RP1 Clinical Trials Optional)",2026-03-10,NA,"Forecasted","Pediatrics","No HD Involvement","2026-08-24"
"<a href = ""https://simpler.grants.gov/opportunity/50dc6b92-b042-4204-ba74-2753a244be5a"" target = ""_blank"">RFA-RM-26-024</a>","RFA","Pilot Projects to Enhance the Human Virome Program (R03, Clinical Trials Not Allowed)",2026-03-10,NA,"Forecasted","Unclassified","No HD Involvement","2026-08-24"
"<a href = ""https://simpler.grants.gov/opportunity/ac3712db-ed37-4921-b138-2ecb98ab0ada"" target = ""_blank"">PAR-26-113</a>","PAR","NEI Center Core Grant for Vision Research (P30 Clinical Trial Not Allowed)",2026-03-09,NA,"Forecasted","Unclassified","No HD Involvement","2026-08-24"
"<a href = ""https://simpler.grants.gov/opportunity/6179eb2c-9239-40ad-9a12-7329291f3509"" target = ""_blank"">PAR-26-106</a>","PAR","Development of Collaborative Research Facilities or Research-Resource Facilities (C06 Clinical Trial Not Allowed)",2026-03-06,2028-01-25,"Posted","Unclassified","No HD Involvement","2026-08-24"
"<a href = ""https://simpler.grants.gov/opportunity/fd5dfec0-8772-494f-a990-506b5e996d27"" target = ""_blank"">PA-26-004</a>","PA","Urgent Competitive Revision to Existing NIH Grants and Cooperative Agreements (Urgent Supplement Clinical Trial Optional)",2026-03-04,NA,"Forecasted","Unclassified","No HD Involvement","2026-08-24"
"<a href = ""https://simpler.grants.gov/opportunity/99c20e3e-db22-4aba-9a35-60ec39849620"" target = ""_blank"">PAR-26-132</a>","PAR","Expanding the Therapeutic Pipeline for Treating and Preventing Alzheimer's Disease and Related Dementias: Preclinical Validation and Drug Discovery for Novel Candidate Targets (U01 Clinical Trial Not Allowed)",2026-03-04,NA,"Forecasted","Pharmacology & Therapeutics","No HD Involvement","2026-08-24"
"<a href = ""https://simpler.grants.gov/opportunity/b3050431-1e08-4019-93ff-ee83b69abe98"" target = ""_blank"">PAR-26-119</a>","PAR","NEI Collaborative Clinical Vision Research (UG1 - Clinical Trial Optional)",2026-03-03,NA,"Forecasted","Rehabilitation","No HD Involvement","2026-08-24"
"<a href = ""https://simpler.grants.gov/opportunity/cb7194d0-da5c-40c7-a9d7-8abb9cdaac59"" target = ""_blank"">PAR-26-152</a>","PAR","Precision Approaches in Radiation Synthetic Combinations (PAIRS, RP1 Clinical Trial Optional)",2026-03-03,NA,"Forecasted","Pharmacology & Therapeutics","No HD Involvement","2026-08-24"
"<a href = ""https://simpler.grants.gov/opportunity/50e5b762-c9bc-49bb-817e-ece3e37c28e6"" target = ""_blank"">RFA-EB-26-004</a>","RFA","NextTech: Translational Development of Next-Generation Diagnostic and Therapeutic Devices (R18 Clinical Trial Not Allowed)",2026-02-27,NA,"Forecasted","Pharmacology & Therapeutics","No HD Involvement","2026-08-24"
"<a href = ""https://simpler.grants.gov/opportunity/d5b530c0-49d4-4132-b779-92740cd67b37"" target = ""_blank"">PAR-26-057</a>","PAR","Innovation Grants to Nurture Initial Translational Efforts (IGNITE): Therapeutic Agent Characterization and Preclinical Efficacy Studies",2026-02-25,NA,"Forecasted","Pharmacology & Therapeutics","No HD Involvement","2026-08-24"
"<a href = ""https://simpler.grants.gov/opportunity/ff51d466-1c4b-48d9-a9d1-a860e5415de1"" target = ""_blank"">PAR-26-058</a>","PAR","Innovation Grants to Nurture Initial Translational Efforts (IGNITE): Assay Development and Therapeutic Agent Identification",2026-02-25,NA,"Forecasted","Pharmacology & Therapeutics","No HD Involvement","2026-08-24"
"<a href = ""https://simpler.grants.gov/opportunity/1835f8f5-45df-47b4-87b6-eebed0b0f0b7"" target = ""_blank"">RFA-AG-27-003</a>","RFA","Improving Chronic Conditions Through Inexpensive Interventions",2026-02-23,NA,"Forecasted","Pharmacology & Therapeutics","No HD Involvement","2026-08-24"
"<a href = ""https://simpler.grants.gov/opportunity/c45f5203-5263-4624-a12f-6fe8d40b4c6b"" target = ""_blank"">RFA-NS-26-013</a>","RFA","HEAL Initiative: Program to Reveal and Evaluate Cells-to-gene Information that Specify Intricacies, Origins and the Nature of (PRECISION) Human Pain Network",2026-02-20,NA,"Forecasted","Pharmacology & Therapeutics","No HD Involvement","2026-08-24"
"<a href = ""https://simpler.grants.gov/opportunity/c467080e-51a0-4a76-b416-035664fa95df"" target = ""_blank"">PAR-27-003</a>","PAR","Collaborative Program Grant for Multidisciplinary Teams",2026-02-19,NA,"Forecasted","Unclassified","No HD Involvement","2026-08-24"
"<a href = ""https://simpler.grants.gov/opportunity/2d9cd18b-46fe-4047-bc6f-0c09e5f13206"" target = ""_blank"">PAR-26-123</a>","PAR","Limited Competition: Small Grant Program for the NCATS Clinical and Translational Science Award (CTSA) Program (Clinical Trial Optional)",2026-02-18,NA,"Forecasted","Pharmacology & Therapeutics","No HD Involvement","2026-08-24"
"<a href = ""https://simpler.grants.gov/opportunity/1c1ad215-73b3-44cf-afef-a386915e2f7f"" target = ""_blank"">RFA-LM-26-004</a>","RFA","NLM Institutional Grants for Research Training in Biomedical Informatics, Data Science, and AI",2026-02-18,NA,"Forecasted","Unclassified","No HD Involvement","2026-08-24"
"<a href = ""https://simpler.grants.gov/opportunity/703509fe-0d61-4f19-9a44-59d02da62ba4"" target = ""_blank"">PAR-26-124</a>","PAR","HEAL Initiative Whole Joint Health Program",2026-02-17,NA,"Forecasted","Rehabilitation; Pharmacology & Therapeutics","No HD Involvement","2026-08-24"
"<a href = ""https://simpler.grants.gov/opportunity/8dd806c4-1ded-4652-be78-b19ba6bd4b8d"" target = ""_blank"">PAR-26-108</a>","PAR","Global Collaborative Research Training on Non-Communicable Diseases and Disorders Across the Lifespan",2026-02-13,NA,"Forecasted","Unclassified","No HD Involvement","2026-08-24"
"<a href = ""https://simpler.grants.gov/opportunity/f10d0ea2-9e06-47bc-9b1b-1474f0d39d06"" target = ""_blank"">RFA-NS-26-030</a>","RFA","Genomic and Biologic Therapies for ADRD (U01 Clinical Trial Optional)",2026-02-12,NA,"Forecasted","Pharmacology & Therapeutics","No HD Involvement","2026-08-24"
"<a href = ""https://simpler.grants.gov/opportunity/b6747a33-2447-4eba-819d-29a36983a0a0"" target = ""_blank"">PA-27-061</a>","PA","NIH Research Program Projects (Parent P01 Clinical Trial Optional)",2026-02-11,NA,"Forecasted","Unclassified","No HD Involvement","2026-08-24"
"<a href = ""https://simpler.grants.gov/opportunity/ca108e77-69f6-4d3a-9723-a1353076a4ad"" target = ""_blank"">PAR-26-040</a>","PAR","Advancing Bioinformatics, Translational Bioinformatics and Computational Biology Research (R01 Clinical Trial Optional)",2026-02-11,2029-03-05,"Posted","Pharmacology & Therapeutics","No HD Involvement","2026-08-24"
"<a href = ""https://simpler.grants.gov/opportunity/131fabad-5506-431b-b87a-e564f1d8dcc4"" target = ""_blank"">PAR-26-042</a>","PAR","Research Grants in Clinical Informatics (R01 Clinical Trial Optional)",2026-02-11,2029-03-05,"Posted","Unclassified","No HD Involvement","2026-08-24"
"<a href = ""https://simpler.grants.gov/opportunity/5c3a6ce5-5ac6-4e16-b441-47f4deccd053"" target = ""_blank"">PAR-26-120</a>","PAR","Pancreatic Cancer Detection Consortium: Research Units (U01 Clinical Trial Optional)",2026-02-11,NA,"Forecasted","Unclassified","No HD Involvement","2026-08-24"
"<a href = ""https://simpler.grants.gov/opportunity/6a23ca0d-def6-4685-937d-4c8ed13aae5b"" target = ""_blank"">PAR-26-126</a>","PAR","Pancreatic Cancer Detection Consortium: Management and Data Coordination Unit (U24 Clinical Trial Not Allowed)",2026-02-11,NA,"Forecasted","Unclassified","No HD Involvement","2026-08-24"
"<a href = ""https://simpler.grants.gov/opportunity/67e06df1-e563-43fa-8fd0-46f3cbbc9aef"" target = ""_blank"">RFA-LM-26-001</a>","RFA","Network of the National Library of Medicine Coordinating Center (U24 Clinical Trial Optional)",2026-02-11,NA,"Forecasted","Unclassified","No HD Involvement","2026-08-24"
"<a href = ""https://simpler.grants.gov/opportunity/afc00d6c-1c46-41b9-bf6a-49e00362e143"" target = ""_blank"">RFA-LM-26-002</a>","RFA","Network of the National Library of Medicine Training Center (U24 Clinical Trial Not Allowed)",2026-02-11,NA,"Forecasted","Pharmacology & Therapeutics","No HD Involvement","2026-08-24"
"<a href = ""https://simpler.grants.gov/opportunity/e656176c-fec2-4132-8761-875dfa73dbc8"" target = ""_blank"">RFA-LM-26-003</a>","RFA","Network of the National Library of Medicine Regional Medical Libraries (UG4 Clinical Trial Not Allowed)",2026-02-11,NA,"Forecasted","Unclassified","No HD Involvement","2026-08-24"
"<a href = ""https://simpler.grants.gov/opportunity/d120e2b0-2891-4761-a4a3-91d426e5e9f6"" target = ""_blank"">PAR-27-001</a>","PAR","Native American Research Centers for Health (NARCH)",2026-02-10,NA,"Forecasted","Unclassified","No HD Involvement","2026-08-24"
"<a href = ""https://simpler.grants.gov/opportunity/901aad7d-210f-4978-b820-f4c3e48d5329"" target = ""_blank"">PAR-27-002</a>","PAR","Medical Scientist Training Program (MSTP)",2026-02-10,NA,"Forecasted","Unclassified","No HD Involvement","2026-08-24"
"<a href = ""https://simpler.grants.gov/opportunity/ee04d23e-7704-453f-a71c-4a7407ef84f4"" target = ""_blank"">RFA-HG-26-002</a>","RFA","Genomic Community Resources (U24 Clinical Trials Not Allowed)",2026-02-09,NA,"Forecasted","Unclassified","No HD Involvement","2026-08-24"
"<a href = ""https://simpler.grants.gov/opportunity/92fe438d-91dc-4ce2-9a45-edc615c4d0b6"" target = ""_blank"">RFA-NS-27-001</a>","RFA","BRAIN Initiative: Research Resource Grants for Technology Integration and Dissemination (U24 Clinical Trial Not Allowed)",2026-02-09,2028-10-06,"Posted","Pharmacology & Therapeutics","No HD Involvement","2026-08-24"
"<a href = ""https://simpler.grants.gov/opportunity/627cc17e-e369-480b-86cc-d7b1e82da372"" target = ""_blank"">PAR-26-105</a>","PAR","ORACLE 3C: Chronic Conditions, Coinfections, and Comorbidities in HIV",2026-02-06,NA,"Forecasted","Pregnancy & Lactation; Pediatrics; Pharmacology & Therapeutics","HD Primary","2026-08-24"
"<a href = ""https://simpler.grants.gov/opportunity/ab0cd049-b490-4b2b-ad3a-660a0a7f219b"" target = ""_blank"">PAR-26-117</a>","PAR","Global Infectious Diseases Research Training Program (D43 Clinical Trial Optional)",2026-02-06,NA,"Forecasted","Unclassified","No HD Involvement","2026-08-24"
"<a href = ""https://simpler.grants.gov/opportunity/ecbe2890-046d-4963-bbd0-2125d4f3e7bd"" target = ""_blank"">PAR-26-138</a>","PAR","National Centers for Cryo-electron Tomography (cryoET) (R24 -Clinical Trial Not Allowed)",2026-02-05,2027-01-26,"Posted","Unclassified","No HD Involvement","2026-08-24"
"<a href = ""https://simpler.grants.gov/opportunity/568fb3c7-74aa-436e-83b3-7cfc226ae206"" target = ""_blank"">RFA-DC-26-001</a>","RFA","Early-Stage Dissemination and Implementation Research in Communication Disorders (R21 Clinical Trial Optional)",2026-02-05,2027-06-17,"Posted","Unclassified","No HD Involvement","2026-08-24"
"<a href = ""https://simpler.grants.gov/opportunity/cb00c4af-063a-49b3-82fe-1c6d5b5e47e0"" target = ""_blank"">RFA-DK-27-137</a>","RFA","Single Source: Chronic Kidney Diseases of UnceRtain Etiology (CKDu) in Agricultural Communities (CURE) Research Consortium- Renal and Environmental Science Core (U01-Clinical Trial Not Allowed)",2026-02-05,NA,"Forecasted","Pharmacology & Therapeutics","No HD Involvement","2026-08-24"
"<a href = ""https://simpler.grants.gov/opportunity/24972c0e-9015-40ed-b637-12ebde1e5066"" target = ""_blank"">RFA-DK-27-138</a>","RFA","Single Source for Chronic Kidney Diseases of UnceRtain Etiology (CKDu) in Agricultural Communities (CURE) Research Consortium - Data Coordinating Center (DCC)",2026-02-05,NA,"Forecasted","Pharmacology & Therapeutics","No HD Involvement","2026-08-24"
"<a href = ""https://simpler.grants.gov/opportunity/67d97081-2134-43c3-8257-14a67f20222c"" target = ""_blank"">RFA-OD-26-034</a>","RFA","Building Sustainable Software Tools for Open Science (R03 Clinical Trial Not Allowed)",2026-02-05,NA,"Forecasted","Unclassified","No HD Involvement","2026-08-24"
"<a href = ""https://simpler.grants.gov/opportunity/a3fe5760-281e-4303-aac7-08dcea8327c2"" target = ""_blank"">PAR-26-134</a>","PAR","The Metastasis Research Network (MetNet): MetNet Research Projects (U01 Clinical Trial Not Allowed)",2026-02-04,2028-11-22,"Posted","Unclassified","No HD Involvement","2026-08-24"
"<a href = ""https://simpler.grants.gov/opportunity/27f78383-af27-4294-8b40-589b0e3f0153"" target = ""_blank"">RFA-DK-27-140</a>","RFA","Rigor and Reproducibility for Biomarkers in Type 1 Diabetes Clinical Research",2026-02-04,NA,"Forecasted","Unclassified","No HD Involvement","2026-08-24"
"<a href = ""https://simpler.grants.gov/opportunity/de341cf8-64e0-4984-ab1c-bbc7f68a9057"" target = ""_blank"">RFA-AA-27-001</a>","RFA","Specialized Alcohol Research Centers (P50 Clinical trial Optional)",2026-01-30,NA,"Forecasted","Pharmacology & Therapeutics","No HD Involvement","2026-08-24"
"<a href = ""https://simpler.grants.gov/opportunity/c1d89214-0c56-4030-9166-31c9bd209052"" target = ""_blank"">RFA-RM-26-017</a>","RFA","Pilot Projects Enhancing Utility and Usage of Common Fund Data Sets (R03 Clinical Trial Not Allowed)",2026-01-30,2026-06-23,"Closed","Unclassified","No HD Involvement","2026-08-24"
"<a href = ""https://simpler.grants.gov/opportunity/57075261-4a9d-4834-b547-db4bc3befb71"" target = ""_blank"">PAR-26-065</a>","PAR","Controlled Clinical Trials on Long-Term Effects of Nutritional Interventions on the Progression of Risk Factors for Age-Related Chronic Conditions Over the Life Span and Their Age of Onset",2026-01-29,NA,"Forecasted","Unclassified","No HD Involvement","2026-08-24"
"<a href = ""https://simpler.grants.gov/opportunity/cc2db03a-79c2-4ef5-afab-3f8c2561f135"" target = ""_blank"">RFA-DK-27-112</a>","RFA","Single Source for the Continuation of the Epidemiology of Diabetes Interventions and Complications (EDIC) Study Research Center (Collaborative U01 Clinical Trial Not Allowed)",2026-01-29,NA,"Forecasted","Pharmacology & Therapeutics","No HD Involvement","2026-08-24"
"<a href = ""https://simpler.grants.gov/opportunity/f9b61bab-f16b-4a39-94b2-71c9c1c834c8"" target = ""_blank"">RFA-DC-27-002</a>","RFA","Coordinating Center for National Resource Network for the Study of Human Auditory and Vestibular Disorders",2026-01-27,NA,"Forecasted","Pharmacology & Therapeutics","No HD Involvement","2026-08-24"
"<a href = ""https://simpler.grants.gov/opportunity/3820f2c5-4b44-47ad-8a29-9f6084d60bb2"" target = ""_blank"">PAR-26-092</a>","PAR","Pilot and Feasibility Studies in Preparation for Substance Use and HIV Prevention Intervention and Services Research Trials",2026-01-26,NA,"Forecasted","Pediatrics; Pharmacology & Therapeutics","No HD Involvement","2026-08-24"
"<a href = ""https://simpler.grants.gov/opportunity/db2370bb-df90-4845-890a-7d25963d44ef"" target = ""_blank"">RFA-DA-27-011</a>","RFA","BRAIN Initiative: Brain-Behavior Quantification and Synchronization – Transformative Research on Behavior at the Organismal Level",2026-01-26,NA,"Forecasted","Pharmacology & Therapeutics","No HD Involvement","2026-08-24"
"<a href = ""https://simpler.grants.gov/opportunity/a55926dd-83b8-4e51-801e-384852d46065"" target = ""_blank"">RFA-DC-27-001</a>","RFA","National Resource Network for the Study of Human Auditory and Vestibular Disorders",2026-01-26,NA,"Forecasted","Pharmacology & Therapeutics","No HD Involvement","2026-08-24"
"<a href = ""https://simpler.grants.gov/opportunity/f3084459-8a28-4148-9f5e-7e477fe4fc60"" target = ""_blank"">PAR-25-462</a>","PAR","Resource-Related Research Projects Cooperative Agreements in Aging and/or Alzheimer's Disease (AD) and Alzheimer's Disease-Related Dementias (ADRD) Research",2026-01-22,NA,"Forecasted","Unclassified","No HD Involvement","2026-08-24"
"<a href = ""https://simpler.grants.gov/opportunity/8bc4a6d6-6ae5-4f51-b8fc-cee66eaacd76"" target = ""_blank"">PAR-26-114</a>","PAR","Lasker Clinical Research Scholar's Program (Si2/R00 Clinical Trial  Optional)",2026-01-22,NA,"Forecasted","Unclassified","HD Secondary","2026-08-24"
"<a href = ""https://simpler.grants.gov/opportunity/2f3cf5d9-890f-437a-aa7e-10c75ab5c401"" target = ""_blank"">RFA-AR-26-006</a>","RFA","Restoring Joint Health and Function to Reduce Pain (RE-JOIN) 2.0",2026-01-22,NA,"Forecasted","Unclassified","No HD Involvement","2026-08-24"
"<a href = ""https://simpler.grants.gov/opportunity/3df028f3-f97a-4cdf-9359-1c6515d091ce"" target = ""_blank"">PA-26-002</a>","PA","NIH Collaborative International Research Project (Parent PF5 Clinical Trial Optional)",2026-01-20,2029-05-07,"Posted","Unclassified","No HD Involvement","2026-08-24"
"<a href = ""https://simpler.grants.gov/opportunity/8ef2f23a-ee0a-4b39-bd42-61e814fba369"" target = ""_blank"">PAR-25-461</a>","PAR","Specialized Center Cooperative Agreements in Aging and/or Alzheimer's Disease (AD) and AD-Related Dementias (ADRD) Research",2026-01-20,NA,"Forecasted","Unclassified","No HD Involvement","2026-08-24"
"<a href = ""https://simpler.grants.gov/opportunity/a7edd98f-db02-40a6-a974-0a96fc875854"" target = ""_blank"">PAR-26-094</a>","PAR","Research Project Cooperative Agreements in Aging and/or Alzheimer's disease (AD) and Alzheimer's disease-related dementias (ADRD) Research",2026-01-20,NA,"Forecasted","Unclassified","No HD Involvement","2026-08-24"
"<a href = ""https://simpler.grants.gov/opportunity/74cd709c-c350-4c08-a6b5-4045632749d6"" target = ""_blank"">RFA-CA-25-035</a>","RFA","Limited Competition: Biospecimen Banks to support NCI National Clinical Trials Network Biospecimen Banks (NCTN Biobanks) and the NCI Early-Phase and Experimental Clinical Trials Biospecimen Bank (EET Biobank) (U24 Clinical Trial Not Allowed)",2026-01-13,NA,"Forecasted","Pediatrics; Pharmacology & Therapeutics","No HD Involvement","2026-08-24"
"<a href = ""https://simpler.grants.gov/opportunity/d88aea72-290a-4396-83ba-139886a6ffc8"" target = ""_blank"">PAR-26-033</a>","PAR","NIGMS Institutional Biomedical Undergraduate Research Training (BURT) Program (T34)",2025-12-29,2028-09-25,"Posted","Unclassified","No HD Involvement","2026-08-24"
"<a href = ""https://simpler.grants.gov/opportunity/b365a7b5-b32f-409f-8ae3-18386784d50a"" target = ""_blank"">RFA-AI-27-005</a>","RFA","Clinical Research Network on Antimicrobial Resistance",2025-12-29,NA,"Forecasted","Pharmacology & Therapeutics","No HD Involvement","2026-08-24"
"<a href = ""https://simpler.grants.gov/opportunity/994a62bf-3ab5-4046-ad9f-e5abf6b89934"" target = ""_blank"">RFA-AI-27-009</a>","RFA","Centers for Structural Biology of HIV and other Infectious Diseases",2025-12-22,NA,"Forecasted","Pharmacology & Therapeutics","No HD Involvement","2026-08-24"
"<a href = ""https://simpler.grants.gov/opportunity/59c3ea57-ba49-4e96-9706-0528937de746"" target = ""_blank"">PAR-26-121</a>","PAR","Maximizing Investigators' Research Award (MIRA) (R35 - Clinical Trial Optional)",2025-12-11,2028-05-26,"Posted","Unclassified","No HD Involvement","2026-08-24"
"<a href = ""https://simpler.grants.gov/opportunity/63dddfa9-c9f7-4da4-b0f8-ee56e73457c6"" target = ""_blank"">PAR-26-115</a>","PAR","Institutional Network Award for Promoting Kidney, Urologic, and Hematologic Research Training (U2C - Clinical Trial Not Allowed)",2025-12-10,2028-05-26,"Posted","Pediatrics","No HD Involvement","2026-08-24"
"<a href = ""https://simpler.grants.gov/opportunity/d73ae356-f2bf-46e2-9838-207e1e01c400"" target = ""_blank"">PAR-26-091</a>","PAR","Assay Validation of High Quality Markers for Clinical Studies in Cancer (UH2/UH3 Clinical Trial Not Allowed)",2025-12-08,NA,"Forecasted","Pharmacology & Therapeutics","No HD Involvement","2026-08-24"
"<a href = ""https://simpler.grants.gov/opportunity/b6a413a2-36d3-43b6-a38a-c3dfaebc20c9"" target = ""_blank"">PAR-26-116</a>","PAR","Opportunities for Collaborative Research at the NIH Clinical Center (U01 Clinical Trial Optional)",2025-12-08,2027-03-06,"Posted","Pharmacology & Therapeutics","No HD Involvement","2026-08-24"
"<a href = ""https://simpler.grants.gov/opportunity/db77b347-3d04-44b2-9ecd-ad04c0d896bd"" target = ""_blank"">PAR-27-068</a>","PAR","Limited Competition: NIGMS Mature Synchrotron Resources (MSR) for Structural Biology (P30 - Clinical Trial Not Allowed)",2025-12-08,NA,"Forecasted","Pharmacology & Therapeutics","No HD Involvement","2026-08-24"
"<a href = ""https://simpler.grants.gov/opportunity/4ed18a56-4304-49a2-b9b4-87b4d78eb4f1"" target = ""_blank"">RFA-DK-26-310</a>","RFA","Diabetes Research Centers (P30 Clinical Trial Optional)",2025-12-05,2027-01-27,"Posted","Reproductive Health","No HD Involvement","2026-08-24"
"<a href = ""https://simpler.grants.gov/opportunity/5fc9e460-abc2-4c8b-b02e-25090753f213"" target = ""_blank"">RFA-OD-25-010</a>","RFA","Resource-Related Research Projects for Development of Models and Related Materials for Studying Human Health and Diseases (R24 Clinical Trials Not Allowed)",2025-12-05,2028-09-28,"Posted","Unclassified","No HD Involvement","2026-08-24"
"<a href = ""https://simpler.grants.gov/opportunity/97a58662-f148-46c2-bacd-1d2147666063"" target = ""_blank"">RFA-OD-25-011</a>","RFA","Animal and Biological Material Resource Centers (P40 Clinical Trial Not Allowed)",2025-12-05,2028-09-26,"Posted","Unclassified","No HD Involvement","2026-08-24"
"<a href = ""https://simpler.grants.gov/opportunity/7088f3f8-0aad-4f2e-afa1-f53b59efa54d"" target = ""_blank"">RFA-ES-26-004</a>","RFA","Pediatric and Reproductive Environmental Health Scholars (PREHS) Program",2025-12-02,NA,"Forecasted","Reproductive Health; Pediatrics","No HD Involvement","2026-08-24"
"<a href = ""https://simpler.grants.gov/opportunity/bd113473-bd20-4739-95e0-51131671558a"" target = ""_blank"">PA-26-001</a>","PA","Administrative Supplements to Existing NIH Grants and Cooperative Agreements (Parent Admin Supp Clinical Trial Optional)",2025-11-26,2028-11-30,"Posted","Unclassified","HD Secondary","2026-08-24"
"<a href = ""https://simpler.grants.gov/opportunity/45ab10e1-1758-4a2f-ad07-e93d95c5bedc"" target = ""_blank"">PAR-25-444</a>","PAR","Cancer Center Support Grants (CCSGs) for NCI-designated Cancer Centers (P30 Clinical Trial Optional)",2025-11-26,2028-09-25,"Posted","Unclassified","No HD Involvement","2026-08-24"
"<a href = ""https://simpler.grants.gov/opportunity/2303ae9b-348e-4881-b756-175cc744ca31"" target = ""_blank"">PAR-26-081</a>","PAR","Complex Integrated Multi-Component Projects in Aging Research (U19 Clinical Trial Optional)",2025-11-24,NA,"Forecasted","Unclassified","No HD Involvement","2026-08-24"
"<a href = ""https://simpler.grants.gov/opportunity/7d131a23-ef5d-468e-bdcb-8801e3000991"" target = ""_blank"">PAR-26-104</a>","PAR","Paul B. Beeson Emerging Leaders Career Development Award in Aging",2025-11-24,NA,"Forecasted","Unclassified","No HD Involvement","2026-08-24"
"<a href = ""https://simpler.grants.gov/opportunity/b19c89bb-baf4-4121-a24f-28891f9b1111"" target = ""_blank"">RFA-AG-26-022</a>","RFA","Novel Approaches to Advance Precision Aging and Cognitive Health",2025-11-24,NA,"Forecasted","Unclassified","No HD Involvement","2026-08-24"
"<a href = ""https://simpler.grants.gov/opportunity/2e37b591-e1cc-4d6a-a223-ff0c0962f74a"" target = ""_blank"">RFA-AG-26-023</a>","RFA","Illuminating AD/ADRD Genome to Enable Precision Genomic Medicine",2025-11-21,NA,"Forecasted","Pharmacology & Therapeutics","No HD Involvement","2026-08-24"
"<a href = ""https://simpler.grants.gov/opportunity/969c8766-0b5a-4f3f-9c0a-8c41921e311e"" target = ""_blank"">RFA-CA-26-006</a>","RFA","Carcinogen Hazard Assessment Monographs Program (CHAMP) (R01 Clinical Trial Not Allowed)",2025-11-21,NA,"Forecasted","Unclassified","No HD Involvement","2026-08-24"
"<a href = ""https://simpler.grants.gov/opportunity/dd4de2c1-38cd-49f7-9020-cf3007305812"" target = ""_blank"">RFA-AG-26-018</a>","RFA","Understanding Cerebellar Contributions to Cognitive and Affective Functions in Aging and Alzheimer's Disease/Alzheimer's Disease-Related Dementias",2025-11-20,NA,"Forecasted","Unclassified","No HD Involvement","2026-08-24"
"<a href = ""https://simpler.grants.gov/opportunity/1a15d9b6-d67c-4ad9-a283-1c43e474f6d6"" target = ""_blank"">RFA-AG-26-021</a>","RFA","Mechanisms Underlying Olfactory Dysfunction in Aging and Alzheimer’s Disease and Alzheimer’s Disease-Related Dementias",2025-11-20,NA,"Forecasted","Pharmacology & Therapeutics","No HD Involvement","2026-08-24"
"<a href = ""https://simpler.grants.gov/opportunity/ca96308f-058b-47fa-9a1a-b1ee06f9c937"" target = ""_blank"">PAR-26-056</a>","PAR","Centers for AIDS Research (CFAR)",2025-11-18,NA,"Forecasted","Pharmacology & Therapeutics","No HD Involvement","2026-08-24"
"<a href = ""https://simpler.grants.gov/opportunity/45ead549-4b30-41a6-a0f6-8eea4788fe3f"" target = ""_blank"">RFA-AG-26-026</a>","RFA","Renewal of NIA Research Centers Collaborative Network (RCCN)",2025-11-18,NA,"Forecasted","Unclassified","No HD Involvement","2026-08-24"
"<a href = ""https://simpler.grants.gov/opportunity/493ea282-9ea7-48d4-9567-8495dceb20d4"" target = ""_blank"">RFA-AI-27-002</a>","RFA","Infectious Diseases Clinical Trials Network (IDCTN)",2025-11-18,NA,"Forecasted","Pharmacology & Therapeutics","No HD Involvement","2026-08-24"
"<a href = ""https://simpler.grants.gov/opportunity/299bb7ba-7783-4da0-9c7c-12f00919cf0b"" target = ""_blank"">RFA-AI-27-018</a>","RFA","Implementation Science to End the HIV Epidemic",2025-11-18,NA,"Forecasted","Unclassified","No HD Involvement","2026-08-24"
"<a href = ""https://simpler.grants.gov/opportunity/1700147b-4832-40f6-8357-14a51630c62f"" target = ""_blank"">RFA-DK-27-125</a>","RFA","Limited Competition for the Continuation of the Caring for OutPatiEnts after Acute Kidney Injury (COPE-AKI) Clinical Centers (U01 Clinical Trial Required)",2025-09-30,NA,"Forecasted","Unclassified","No HD Involvement","2026-08-24"
"<a href = ""https://simpler.grants.gov/opportunity/5a0b4ac7-5736-4698-ae7a-a12fca515956"" target = ""_blank"">RFA-DK-27-130</a>","RFA","Limited Competition: Chronic Kidney Diseases of UnceRtain Etiology (CKDu) in Agricultural Communities (CURE) Research Consortium- Field Epidemiology Sites",2025-09-30,NA,"Forecasted","Pharmacology & Therapeutics","No HD Involvement","2026-08-24"
"<a href = ""https://simpler.grants.gov/opportunity/9978ab03-daa2-4d23-b5bb-eeb42dcf7878"" target = ""_blank"">PAR-26-097</a>","PAR","Palliative Care Research Across the Lifespan: Leveraging the Palliative Care Consortium",2025-09-29,NA,"Forecasted","Unclassified","No HD Involvement","2026-08-24"
"<a href = ""https://simpler.grants.gov/opportunity/6bb78bd6-bd13-42d8-8530-1850ce9f5cac"" target = ""_blank"">RFA-DK-27-127</a>","RFA","Cooperative Centers of Excellence in Hematology (CCEHs)",2025-09-29,NA,"Forecasted","Unclassified","No HD Involvement","2026-08-24"
"<a href = ""https://simpler.grants.gov/opportunity/23c43106-a9ec-4391-836c-fe2074d19df9"" target = ""_blank"">RFA-TR-25-016</a>","RFA","Intramural - Extramural Collaboration for Advanced 3-D Tissue Models for Drug Screening (Clinical Trial Not Allowed)",2025-09-29,NA,"Forecasted","Pharmacology & Therapeutics","No HD Involvement","2026-08-24"
"<a href = ""https://simpler.grants.gov/opportunity/e14282e3-bc1a-4136-88f7-e99fe6d165f6"" target = ""_blank"">RFA-TR-26-002</a>","RFA","Limited Competition: HEAL Initiative Resource Centers for the Pain Management Effectiveness Network (ERN) (Clinical Trial Not Allowed)",2025-09-29,NA,"Forecasted","Pharmacology & Therapeutics","No HD Involvement","2026-08-24"
"<a href = ""https://simpler.grants.gov/opportunity/c4e59dd9-c37c-467e-ad94-b704cb0211f4"" target = ""_blank"">PAR-25-449</a>","PAR","Mind and Body Interventions to Restore Whole Person Health via Emotional Well-Being Mechanisms (R61/R33 Clinical Trial Required)",2025-09-26,2028-06-07,"Posted","Unclassified","No HD Involvement","2026-08-24"
"<a href = ""https://simpler.grants.gov/opportunity/e22bca9c-d584-4185-bdd6-82470fe61715"" target = ""_blank"">PAR-26-144</a>","PAR","Global Brain and Nervous System Disorders Research Across the Lifespan - Exploratory Grants",2025-09-26,NA,"Forecasted","Unclassified","No HD Involvement","2026-08-24"
"<a href = ""https://simpler.grants.gov/opportunity/8212b1d6-5192-4926-8bbb-ee8522f33a10"" target = ""_blank"">RFA-DK-27-102</a>","RFA","Collaborative Awards to Support Microphysiological System Pilot Studies in Type 2 Diabetes Research",2025-09-26,NA,"Forecasted","Unclassified","No HD Involvement","2026-08-24"
"<a href = ""https://simpler.grants.gov/opportunity/e9f03c13-cda6-4177-958e-33f2d783facc"" target = ""_blank"">PAR-26-036</a>","PAR","Centers of Excellence in Genomic Science (CEGS)",2025-09-23,NA,"Forecasted","Pharmacology & Therapeutics","No HD Involvement","2026-08-24"
"<a href = ""https://simpler.grants.gov/opportunity/22493742-3682-4c42-8539-5107fa7c561e"" target = ""_blank"">PAR-26-037</a>","PAR","Toolkits for Dissemination of Genomic Technologies",2025-09-23,NA,"Forecasted","Pharmacology & Therapeutics","No HD Involvement","2026-08-24"
"<a href = ""https://simpler.grants.gov/opportunity/6e628d8f-c560-4587-a47e-db62d12bf210"" target = ""_blank"">PAR-26-087</a>","PAR","NEI New Innovator Award (DP2 Clinical Trial Not Allowed)",2025-09-23,NA,"Forecasted","Unclassified","No HD Involvement","2026-08-24"
"<a href = ""https://simpler.grants.gov/opportunity/becd2751-e070-42cc-b3a4-58bf7e681842"" target = ""_blank"">RFA-AT-26-001</a>","RFA","Interdisciplinary Research Networks to Advance Biomedical Research on Resilience and Health Optimization",2025-09-23,NA,"Forecasted","Unclassified","No HD Involvement","2026-08-24"
"<a href = ""https://simpler.grants.gov/opportunity/6006bba3-62e3-41fd-865f-4bfe25e8f9b3"" target = ""_blank"">RFA-HD-27-001</a>","RFA","Autism Centers of Excellence R01",2025-09-23,NA,"Forecasted","Pediatrics; Pharmacology & Therapeutics","HD Primary","2026-08-24"
"<a href = ""https://simpler.grants.gov/opportunity/060f0ee2-0217-48e6-bc79-2465b2d607bb"" target = ""_blank"">RFA-HD-27-002</a>","RFA","Autism Centers of Excellence P50",2025-09-23,NA,"Forecasted","Pediatrics; Pharmacology & Therapeutics","HD Primary","2026-08-24"
"<a href = ""https://simpler.grants.gov/opportunity/44fa0a69-a4eb-4d5a-b64a-1b1d4859b5d3"" target = ""_blank"">RFA-NS-26-002</a>","RFA","Investigate Novel Therapeutic Interventions and Testing Strategies for Neurological Disorders Including to Treat, Modify and Prevent the Development of Epilepsy (U24 Clinical Trial Not Allowed)",2025-09-23,NA,"Forecasted","Pharmacology & Therapeutics","No HD Involvement","2026-08-24"
"<a href = ""https://simpler.grants.gov/opportunity/0765e59e-2094-4f96-9d37-fe08934e626c"" target = ""_blank"">PA-26-085</a>","PA","Research Council of Finland (RCF) – National Institutes of Health (NIH) Partnership Program",2025-09-22,NA,"Forecasted","Pharmacology & Therapeutics","No HD Involvement","2026-08-24"
"<a href = ""https://simpler.grants.gov/opportunity/483876e1-110a-4764-ab9d-2acc0cdc721d"" target = ""_blank"">PAR-25-447</a>","PAR","NHLBI TOPMed: Omics Phenotypes of Heart, Lung, and Blood Disorders (X01 - Clinical Trial Not Allowed)",2025-09-22,2028-05-08,"Posted","Unclassified","No HD Involvement","2026-08-24"
"<a href = ""https://simpler.grants.gov/opportunity/acb0d3ed-3dea-4b0f-a64c-fdf81d55de6b"" target = ""_blank"">PAR-25-450</a>","PAR","Clinical Trial Readiness for Rare Diseases, Disorders, and Syndromes (R21 Clinical Trial Not Allowed)",2025-09-22,2028-07-20,"Posted","Pharmacology & Therapeutics","HD Secondary","2026-08-24"
"<a href = ""https://simpler.grants.gov/opportunity/f919eaae-787c-4900-91b1-92e5e088a893"" target = ""_blank"">PAR-26-025</a>","PAR","Bioengineering Research, Innovation and Technology Education (BRITE) Program (R25 Clinical Trial Not Allowed)",2025-09-22,NA,"Forecasted","Pharmacology & Therapeutics","No HD Involvement","2026-08-24"
"<a href = ""https://simpler.grants.gov/opportunity/04392bde-dbfc-4191-87ae-a98046dc15fb"" target = ""_blank"">PAR-26-026</a>","PAR","IDeA Networks of Biomedical Research Excellence (INBRE)",2025-09-22,NA,"Forecasted","Unclassified","No HD Involvement","2026-08-24"
"<a href = ""https://simpler.grants.gov/opportunity/950bfc05-f22c-4e7b-aed3-1d65fd6a95ef"" target = ""_blank"">RFA-DK-27-106</a>","RFA","Continuation of the Collaborative Islet Transplantation Registry (U01 Clinical Trial Not allowed)",2025-09-22,NA,"Forecasted","Unclassified","No HD Involvement","2026-08-24"
"<a href = ""https://simpler.grants.gov/opportunity/b92739e9-8690-4e79-acd3-3f246ea9bfac"" target = ""_blank"">RFA-TW-25-002</a>","RFA","LAUNCHing Leaders for Future U.S. Investments in Global Health Research (D43 Clinical Trial Optional)",2025-09-22,NA,"Forecasted","Unclassified","No HD Involvement","2026-08-24"
"<a href = ""https://simpler.grants.gov/opportunity/5edf6eec-e8eb-4a55-a914-5c6077ef8e64"" target = ""_blank"">RFA-DK-27-116</a>","RFA","The NIDDK Inflammatory Bowel Disease Genetics Consortium (IBDGC) Genomic Research Centers",2025-09-18,NA,"Forecasted","Pharmacology & Therapeutics","No HD Involvement","2026-08-24"
"<a href = ""https://simpler.grants.gov/opportunity/112a0e4f-edb3-44dd-9443-892840371b24"" target = ""_blank"">RFA-DK-27-117</a>","RFA","The NIDDK Disorders of Gastrointestinal Interoception Consortium Clinical Centers (DGIC)",2025-09-18,NA,"Forecasted","Pediatrics; Pharmacology & Therapeutics","No HD Involvement","2026-08-24"
"<a href = ""https://simpler.grants.gov/opportunity/cf0d0679-8e43-4034-833b-0aa6cca9a1de"" target = ""_blank"">RFA-DK-27-118</a>","RFA","The NIDDK Disorders of Gastrointestinal Interoception Consortium Clinical Centers (DGIC)",2025-09-18,NA,"Forecasted","Pediatrics; Pharmacology & Therapeutics","No HD Involvement","2026-08-24"
"<a href = ""https://simpler.grants.gov/opportunity/5df08c2e-5127-472c-a6ff-8e0bd4c6509b"" target = ""_blank"">RFA-DK-27-122</a>","RFA","Single Source for the Continuation of the Physiology of the Weight Reduced State (POWERS) Study (U01- Clinical Trials Required)",2025-09-18,NA,"Forecasted","Unclassified","No HD Involvement","2026-08-24"
"<a href = ""https://simpler.grants.gov/opportunity/dab12ed3-a896-4907-ab71-3436214fdc13"" target = ""_blank"">RFA-DK-27-124</a>","RFA","The NIDDK Inflammatory Bowel Disease Genetics Consortium (IBDGC) Data Coordinating Center",2025-09-18,NA,"Forecasted","Pharmacology & Therapeutics","No HD Involvement","2026-08-24"
"<a href = ""https://simpler.grants.gov/opportunity/b92ee363-0a5f-4ee2-868f-84b93ce7050a"" target = ""_blank"">PAR-25-439</a>","PAR","Community-Partnered Nursing Research Centers (P20 Clinical Trial Optional)",2025-09-17,2028-05-07,"Posted","Unclassified","No HD Involvement","2026-08-24"
"<a href = ""https://simpler.grants.gov/opportunity/de7f0a72-0ef8-4c9c-894b-1fc92c9d1097"" target = ""_blank"">RFA-CA-25-033</a>","RFA","Glioblastoma Therapeutics Network (GTN; U19 Clinical Trial Required)",2025-09-17,NA,"Forecasted","Pharmacology & Therapeutics","No HD Involvement","2026-08-24"
"<a href = ""https://simpler.grants.gov/opportunity/ad915364-00bf-4782-8a03-4852d074f6e8"" target = ""_blank"">RFA-DK-26-315</a>","RFA","Advancing Research on the Application of Digital Health Technology to the Management of Type 2 Diabetes (R01- Clinical Trail Required)",2025-09-17,2026-10-06,"Posted","Pharmacology & Therapeutics","No HD Involvement","2026-08-24"
"<a href = ""https://simpler.grants.gov/opportunity/9aea1523-3187-471c-859e-cacb890941c7"" target = ""_blank"">RFA-DA-27-004</a>","RFA","BRAIN Initiative: Theories, Models and Methods for Analysis of Complex Data from the Brain (R01 Clinical Trial Not Allowed)",2025-09-16,2027-11-08,"Posted","Unclassified","HD Secondary","2026-08-24"
"<a href = ""https://simpler.grants.gov/opportunity/9a7a8932-5cbb-4b38-8700-bdbe6f4fa303"" target = ""_blank"">PAR-25-445</a>","PAR","NIDCD Clinical Research Center Grant (P50 Clinical Trial Optional)",2025-09-15,2026-10-03,"Posted","Unclassified","No HD Involvement","2026-08-24"
"<a href = ""https://simpler.grants.gov/opportunity/eeff7722-04ff-41cc-b8a5-c6a5ea6b90d7"" target = ""_blank"">RFA-EB-26-003</a>","RFA","Biomedical Engineering, Imaging, and Technology Acceleration (BEITA) at Historically Black Colleges and Universities",2025-09-15,NA,"Forecasted","Pharmacology & Therapeutics","No HD Involvement","2026-08-24"
"<a href = ""https://simpler.grants.gov/opportunity/e2d26d70-f02b-4467-9b2a-b7371d123ee7"" target = ""_blank"">RFA-HD-26-009</a>","RFA","Maternal and Pediatric Precision in Therapeutics (MPRINT) Knowledge and Research Coordination Center",2025-09-15,NA,"Forecasted","Pregnancy & Lactation; Pediatrics; Pharmacology & Therapeutics","HD Primary","2026-08-24"
"<a href = ""https://simpler.grants.gov/opportunity/f0f9b58b-5e49-4cec-b9c1-feb66b067b06"" target = ""_blank"">RFA-HD-26-010</a>","RFA","Maternal Medications and Human Milk Research Center (M2HMRC)",2025-09-15,NA,"Forecasted","Pregnancy & Lactation; Pediatrics; Pharmacology & Therapeutics","HD Primary","2026-08-24"
"<a href = ""https://simpler.grants.gov/opportunity/b56109e1-0c63-42ea-96cb-13f4ef3a5064"" target = ""_blank"">RFA-HD-27-005</a>","RFA","Data Sharing for Demographic Research Infrastructure Program",2025-09-15,NA,"Forecasted","Unclassified","HD Primary","2026-08-24"
"<a href = ""https://simpler.grants.gov/opportunity/95d8c541-2ee0-40cc-960c-61b524d2babd"" target = ""_blank"">PAR-26-043</a>","PAR","Silvio O. Conte Centers for Basic Neuroscience or Translational Mental Health Research",2025-09-12,NA,"Forecasted","Pediatrics","No HD Involvement","2026-08-24"
"<a href = ""https://simpler.grants.gov/opportunity/96ebf1ff-7ddc-429d-b059-15cc5f577eec"" target = ""_blank"">PAR-26-049</a>","PAR","Establishing Pediatric CNS Pharmacodynamic Measures as Tools to Enable Psychiatric Indications in Adolescents",2025-09-12,NA,"Forecasted","Pediatrics; Pharmacology & Therapeutics","No HD Involvement","2026-08-24"
"<a href = ""https://simpler.grants.gov/opportunity/eeb85b6a-0c52-4077-8f69-09af7b8437e6"" target = ""_blank"">RFA-DA-27-010</a>","RFA","Neural Ensembles & Used Substances (NExUS) Collaboratory: Building a Multimodal Inventory of Cell Ensembles Encoding the Effects of Addictive Substances",2025-09-11,NA,"Forecasted","Pharmacology & Therapeutics","No HD Involvement","2026-08-24"
"<a href = ""https://simpler.grants.gov/opportunity/e18ff1b5-c4e9-4868-8e28-f34a9b023d19"" target = ""_blank"">PAR-25-446</a>","PAR","Development of Interventions to Prevent and Treat Substance Use Disorders and Overdose (UG3/UH3 - Clinical Trial Optional)",2025-09-10,2028-08-21,"Posted","Pharmacology & Therapeutics","No HD Involvement","2026-08-24"
"<a href = ""https://simpler.grants.gov/opportunity/fc68f56a-b886-4021-bc6a-504a277f2ffb"" target = ""_blank"">PAR-26-051</a>","PAR","NIH Brain Development Cohorts (NBDC) and Population Assessment of Tobacco and Health (PATH) Study Biospecimen Access",2025-09-10,NA,"Forecasted","Pediatrics; Pharmacology & Therapeutics","No HD Involvement","2026-08-24"
"<a href = ""https://simpler.grants.gov/opportunity/9dccc561-32c6-4e45-a89a-e2ca4cafc04a"" target = ""_blank"">RFA-DK-27-128</a>","RFA","George M. O’Brien Urology Cooperative Research Centers Program (U54 Clinical Trial Optional)",2025-09-10,NA,"Forecasted","Unclassified","No HD Involvement","2026-08-24"
"<a href = ""https://simpler.grants.gov/opportunity/6044773a-6221-44e4-81e9-e61c47d4119a"" target = ""_blank"">PAR-26-064</a>","PAR","Specialized Programs of Research Excellence (SPOREs) in Human Cancers for Years 2027, 2028, and 2029 (P50 Clinical Trial Required)",2025-09-09,NA,"Forecasted","Reproductive Health; Pediatrics","No HD Involvement","2026-08-24"
"<a href = ""https://simpler.grants.gov/opportunity/55ace8a7-76fe-4727-b882-c231a2832875"" target = ""_blank"">PAR-26-073</a>","PAR","NEI Translational Research Program for Therapeutics (R61/R33 Clinical Trial Not Allowed)",2025-09-09,NA,"Forecasted","Pharmacology & Therapeutics","No HD Involvement","2026-08-24"
"<a href = ""https://simpler.grants.gov/opportunity/84650d31-209c-4f65-9264-c872352a7eee"" target = ""_blank"">RFA-OD-26-006</a>","RFA","High-Priority Research in Tobacco Regulatory Science (Clinical Trial Optional)",2025-09-09,NA,"Forecasted","Pharmacology & Therapeutics","No HD Involvement","2026-08-24"
"<a href = ""https://simpler.grants.gov/opportunity/54f77fd7-7117-4d57-b433-20c3fd323434"" target = ""_blank"">PAR-26-067</a>","PAR","Interdisciplinary Research to Understand the Complex Biology of Resilience to Alzheimer’s and Related Dementias Disease Risk",2025-09-03,NA,"Forecasted","Unclassified","No HD Involvement","2026-08-24"
"<a href = ""https://simpler.grants.gov/opportunity/e4a95157-fd31-4a44-96ef-cfa0f95ec39c"" target = ""_blank"">RFA-AG-27-002</a>","RFA","Translational Center for Accelerating the Use of Digital Health Technologies Data in AD/ADRD Research",2025-09-03,NA,"Forecasted","Pharmacology & Therapeutics","No HD Involvement","2026-08-24"
"<a href = ""https://simpler.grants.gov/opportunity/364c3084-41cd-4e28-b1d3-065e5cfcb1bb"" target = ""_blank"">RFA-DK-27-139</a>","RFA","Single Source for the Continuation of the Caring for OutPatiEnts after Acute Kidney Injury (COPE-AKI) Scientific and Data Research Center (U01 Clinical Trial Required)",2025-09-03,NA,"Forecasted","Unclassified","No HD Involvement","2026-08-24"
"<a href = ""https://simpler.grants.gov/opportunity/6f88ccf1-8d15-4aec-8645-efaf903aea0b"" target = ""_blank"">RFA-AG-26-010</a>","RFA","NIA Expanding Research in AD/ADRD (ERA) Postbaccalaureate Research Education Program (R25 Independent Clinical Trial Not Allowed)",2025-09-02,2027-05-26,"Posted","Unclassified","No HD Involvement","2026-08-24"
"<a href = ""https://simpler.grants.gov/opportunity/d92a6645-61df-4765-8caa-4db9aa678c6e"" target = ""_blank"">RFA-AG-26-011</a>","RFA","NIA Expanding Research in AD/ADRD (ERA) Summer Research Education Program (R25 Independent Clinical Trial Not Allowed)",2025-09-02,2027-05-26,"Posted","Pediatrics","No HD Involvement","2026-08-24"
"<a href = ""https://simpler.grants.gov/opportunity/f3ec77f8-8455-44c7-aecf-3c7ba6e55c3e"" target = ""_blank"">RFA-NS-26-012</a>","RFA","Stroke Preclinical Assessment Network (SPAN) to Support Translational Studies for Acute Cerebroprotection – Network Sites and Coordinating Center (U01- CT Not Allowed)",2025-09-02,NA,"Forecasted","Unclassified","No HD Involvement","2026-08-24"
"<a href = ""https://simpler.grants.gov/opportunity/6552e00b-8e51-4278-ab04-b6e3765a88a0"" target = ""_blank"">PAR-25-454</a>","PAR","Comprehensive Partnerships to Advance Cancer Health (CPACH) (U54 Clinical Trial Optional)",2025-08-28,NA,"Forecasted","Unclassified","No HD Involvement","2026-08-24"
"<a href = ""https://simpler.grants.gov/opportunity/108e277c-2935-4167-a2fb-e299b406e949"" target = ""_blank"">PAR-26-052</a>","PAR","Dental Primary Care Practice-Based Research Network: Clinical Trial or Observational Study Planning and Implementation Cooperative Agreement",2025-08-28,NA,"Forecasted","Unclassified","No HD Involvement","2026-08-24"
"<a href = ""https://simpler.grants.gov/opportunity/d87d3264-4bd8-470d-9b31-29bebd33c707"" target = ""_blank"">PAR-26-069</a>","PAR","NINDS Efficacy and Exploratory Clinical Trials (UG3/UH3 - Clinical Trial Required)",2025-08-28,NA,"Forecasted","Rehabilitation; Pharmacology & Therapeutics","No HD Involvement","2026-08-24"
"<a href = ""https://simpler.grants.gov/opportunity/fdbbc33d-4c2a-4e18-9914-2be7debcc880"" target = ""_blank"">RFA-DE-27-003</a>","RFA","Dental Primary Care Practice-Based Research Network: Administrative and Resource Center",2025-08-28,NA,"Forecasted","Unclassified","No HD Involvement","2026-08-24"
"<a href = ""https://simpler.grants.gov/opportunity/7dc670db-9ef6-4b31-9db9-7443760e9b7a"" target = ""_blank"">RFA-DE-27-004</a>","RFA","Dental Primary Care Practice-Based Research Network: Coordinating Center",2025-08-28,NA,"Forecasted","Pharmacology & Therapeutics","No HD Involvement","2026-08-24"
"<a href = ""https://simpler.grants.gov/opportunity/98857886-def1-4563-8bf7-f7fa8787e5c5"" target = ""_blank"">RFA-NS-25-031</a>","RFA","HEAL Initiative: Pain Management Effectiveness Research Network: Clinical Trial Planning and Implementation Cooperative Agreement (UG3/UH3 Clinical Trial Required)",2025-08-28,NA,"Forecasted","Pediatrics; Pharmacology & Therapeutics","No HD Involvement","2026-08-24"
"<a href = ""https://simpler.grants.gov/opportunity/e905063d-e7c8-4dbf-aa9f-a16c879e084f"" target = ""_blank"">RFA-NS-26-007</a>","RFA","BRAIN Initiative: Research Opportunities Using Invasive Neural Recording and Stimulating Technologies in the Human Brain (U01 Basic Experimental Studies with Humans Required)",2025-08-28,NA,"Forecasted","Pediatrics; Pharmacology & Therapeutics","No HD Involvement","2026-08-24"
"<a href = ""https://simpler.grants.gov/opportunity/ffe98704-96a8-4f41-a32b-49edd0409006"" target = ""_blank"">RFA-NS-26-011</a>","RFA","BRAIN Initiative: Integrative Team-Research BRAIN Circuits Program - iTeamBCP (RM1 Clinical Trial Optional)",2025-08-28,NA,"Forecasted","Pediatrics; Pharmacology & Therapeutics","No HD Involvement","2026-08-24"
"<a href = ""https://simpler.grants.gov/opportunity/8e1f564e-26b9-47d2-b838-486402d83eae"" target = ""_blank"">RFA-DA-27-006</a>","RFA","HEAL Initiative: Integrative Management of chronic Pain and OUD for Whole Recovery (IMPOWR) - Building Engagement, Assistance, Capacity, Outreach, and Networks (BEACON) Center",2025-08-27,NA,"Forecasted","Pharmacology & Therapeutics","No HD Involvement","2026-08-24"
"<a href = ""https://simpler.grants.gov/opportunity/68e1c3f7-51e4-472d-bc5d-89d4deb2eda0"" target = ""_blank"">PAR-25-441</a>","PAR","Native American Research Centers for Health (NARCH) Planning Grants (R34 - Clinical Trial Not Allowed)",2025-08-26,2028-07-07,"Posted","Unclassified","No HD Involvement","2026-08-24"
"<a href = ""https://simpler.grants.gov/opportunity/1992d55d-3baf-47a7-9483-9503754fc660"" target = ""_blank"">RFA-HL-26-012</a>","RFA","Stimulating Access to Research in Residency (StARR) (R38 Independent Clinical Trial Not Allowed)",2025-08-26,2028-01-10,"Posted","Unclassified","No HD Involvement","2026-08-24"
"<a href = ""https://simpler.grants.gov/opportunity/4f761ca6-4ece-4326-91ff-c2c32204bb3b"" target = ""_blank"">PAR-25-322</a>","PAR","Stephen I. Katz Early Stage Investigator Research Project Grant (R01 Clinical Trial Not Allowed)",2025-08-25,2028-08-25,"Posted","Unclassified","HD Secondary","2026-08-24"
"<a href = ""https://simpler.grants.gov/opportunity/c0870ec4-90de-4aa7-8ab4-381603a9539c"" target = ""_blank"">PAR-25-323</a>","PAR","Stephen I. Katz Early Stage Investigator Research Project Grant (R01 Basic Experimental Studies with Human Required)",2025-08-25,2026-05-24,"Closed","Unclassified","HD Secondary","2026-08-24"
"<a href = ""https://simpler.grants.gov/opportunity/4fce1597-43e0-4e67-9373-ad93f1171a51"" target = ""_blank"">RFA-AG-26-005</a>","RFA","Limited Competition: Social, Behavioral, & Economic (SBE) Coordinating Center",2025-07-28,NA,"Forecasted","Unclassified","HD Secondary","2026-08-24"
"<a href = ""https://simpler.grants.gov/opportunity/100629a0-aec1-49d6-bbf1-554ae80baad1"" target = ""_blank"">TEMP-31126</a>","UNK","Funding Opportunity Announcement for Impact of Environmental Exposures on Gut-Brain Signaling in Neurological Conditions (R01)",2025-07-18,NA,"Forecasted","Pharmacology & Therapeutics","No HD Involvement","2026-08-24"
"<a href = ""https://simpler.grants.gov/opportunity/cf2715a3-010f-4d16-9153-113579cfb0ac"" target = ""_blank"">FOR-HG-26-001</a>","UNK","Centers for Genomics Research Capacity Building",2025-07-17,NA,"Forecasted","Pharmacology & Therapeutics","No HD Involvement","2026-08-24"
"<a href = ""https://simpler.grants.gov/opportunity/e6357a53-0478-4e38-aa89-64c4492221ee"" target = ""_blank"">FOR-HG-26-005</a>","UNK","Clinical Data Ecosystem for Genomics (CDEG)",2025-07-17,NA,"Forecasted","Unclassified","No HD Involvement","2026-08-24"
"<a href = ""https://simpler.grants.gov/opportunity/bdea7396-f052-4c3f-89a5-4677d3f2339a"" target = ""_blank"">RFA-DA-27-001</a>","RFA","HEAL Initiative: Integrative Management of Chronic Pain and Opioid Use Disorder (OUD) for Whole Recovery: Health Systems",2025-07-17,NA,"Forecasted","Pharmacology & Therapeutics","No HD Involvement","2026-08-24"
"<a href = ""https://simpler.grants.gov/opportunity/be7ad44e-fbed-483b-85a7-7a1ab154910e"" target = ""_blank"">TEMP-31334</a>","UNK","NIEHS Worker Training Program’s HAZMAT Training at DOE Nuclear Weapons Complex (UH4 Clinical Trial Not Allowed)",2025-07-17,NA,"Forecasted","Unclassified","No HD Involvement","2026-08-24"
"<a href = ""https://simpler.grants.gov/opportunity/acab0368-18be-4f5d-8d14-9761df88abdc"" target = ""_blank"">FOR-HG-26-003</a>","UNK","ancient DNA for Modern Genomics (aDMG) Data Generation and Resource Center",2025-07-15,NA,"Forecasted","Pharmacology & Therapeutics","No HD Involvement","2026-08-24"
"<a href = ""https://simpler.grants.gov/opportunity/0d072c0e-e8ce-4a20-a7b5-f49dd4899877"" target = ""_blank"">FOR-HG-26-004</a>","UNK","ancient DNA for Modern Genomics (aDMG) Coordination Center",2025-07-15,NA,"Forecasted","Pharmacology & Therapeutics","No HD Involvement","2026-08-24"
"<a href = ""https://simpler.grants.gov/opportunity/f7f3d30f-cedb-41b3-a18a-8fb7fee0cb10"" target = ""_blank"">FOR-AT-25-007</a>","UNK","Assessing the Feasibility of Incorporating Mechanisms in Multisite Clinical Trials of Mind and Body Interventions on Whole Person Health Restoration",2025-07-08,NA,"Forecasted","Unclassified","No HD Involvement","2026-08-24"
"<a href = ""https://simpler.grants.gov/opportunity/b9d7723c-cdcb-484c-b8b5-5f0b3ff1ee41"" target = ""_blank"">FOR-RFA-AG-26-024</a>","RFA","Grants for Early Medical/Surgical Specialists' Transition to Aging Research (GEMSSTAR)",2025-07-08,NA,"Forecasted","Unclassified","No HD Involvement","2026-08-24"
"<a href = ""https://simpler.grants.gov/opportunity/003549b9-b6bd-4440-9864-43a67d5f71f9"" target = ""_blank"">FOR-HL-25-025</a>","UNK","Limited Competition: Stimulating Access to Research in Residency Transition Scholar (StARRTS)",2025-07-01,NA,"Forecasted","Unclassified","No HD Involvement","2026-08-24"
"<a href = ""https://simpler.grants.gov/opportunity/2956f460-56af-459c-bd3e-a62fd0d30ed3"" target = ""_blank"">NOT-CA-25-102</a>","UNK","Forecast to Publish a Notice of Funding Opportunity for Academic Career Excellence (ACE) Award (K32 - Clinical Trial Required)",2025-07-01,NA,"Forecasted","Unclassified","No HD Involvement","2026-08-24"
"<a href = ""https://simpler.grants.gov/opportunity/50331a23-c800-4eb5-af5a-d74df99b844c"" target = ""_blank"">NOT-CA-25-105</a>","UNK","Forecast to Publish a Notice of Funding Opportunity for Paul Calabresi Career Development Award in Clinical Oncology (K12 Clinical Trial Optional)",2025-07-01,NA,"Forecasted","Pharmacology & Therapeutics","No HD Involvement","2026-08-24"
"<a href = ""https://simpler.grants.gov/opportunity/00c2cbed-6c59-48fe-918e-c15efa2b9322"" target = ""_blank"">FOR-AI-27-017</a>","UNK","Multidisciplinary Research to Accelerate Hepatitis B Cure in Persons Living with HIV and HBV (MRA-HBV)",2025-06-27,NA,"Forecasted","Pharmacology & Therapeutics","No HD Involvement","2026-08-24"
"<a href = ""https://simpler.grants.gov/opportunity/ef298045-f662-4326-a5c5-025120ed6447"" target = ""_blank"">FOR-MD-25-008</a>","UNK","Notice of Intent to Publish a Forecast for EmbraceHealth Clinical Research Network to Reduce Health Disparities – Research Sites",2025-06-27,NA,"Forecasted","Unclassified","No HD Involvement","2026-08-24"
"<a href = ""https://simpler.grants.gov/opportunity/112cb2a2-971d-4d2c-ab72-d8c74b02baa1"" target = ""_blank"">FOR-MD-25-009</a>","UNK","Forecast to Publish a Funding Opportunity Announcement for EmbraceHealth Clinical Research Network to Reduce Health Disparities – Coordinating Center",2025-06-27,NA,"Forecasted","Unclassified","No HD Involvement","2026-08-24"
"<a href = ""https://simpler.grants.gov/opportunity/9a5ced43-cd82-4b1c-9b1c-8c06f924fbfc"" target = ""_blank"">FOR-RFA-AG-26-019</a>","RFA","Alzheimer's Clinical Trials Consortium (ACTC) Clinical Trials",2025-06-27,NA,"Forecasted","Pharmacology & Therapeutics","No HD Involvement","2026-08-24"
"<a href = ""https://simpler.grants.gov/opportunity/a20fb768-e7ea-4e32-bf0e-89ea0f1cf31e"" target = ""_blank"">FOR-RFA-AG-26-020</a>","RFA","Early- and Late-Stage Clinical Trials for the Spectrum of Alzheimer's Disease/Alzheimer's Disease-Related Dementias and Age-Related Cognitive Decline",2025-06-27,NA,"Forecasted","Pharmacology & Therapeutics","No HD Involvement","2026-08-24"
"<a href = ""https://simpler.grants.gov/opportunity/91048663-1b10-45b7-9d7a-c76709a880f1"" target = ""_blank"">FOR-TEMP-25653</a>","UNK","Biomarkers of Cognitive Decline and Dementias of Aging in Individuals within the Autism Spectrum",2025-06-27,NA,"Forecasted","Pediatrics","No HD Involvement","2026-08-24"
"<a href = ""https://simpler.grants.gov/opportunity/57c3cd68-e9e5-42c4-ac5b-b31a3ee245e3"" target = ""_blank"">FOR-TEMP-28923</a>","UNK","Dementia Care and Caregiver Support Intervention Research - Stage I Only",2025-06-27,NA,"Forecasted","Unclassified","No HD Involvement","2026-08-24"
"<a href = ""https://simpler.grants.gov/opportunity/ed3faafa-0d8a-4061-a957-343991a62516"" target = ""_blank"">FOR-TEMP-28924</a>","UNK","Dementia Care and Caregiver Support Intervention Research - Stages II - V",2025-06-27,NA,"Forecasted","Unclassified","No HD Involvement","2026-08-24"
"<a href = ""https://simpler.grants.gov/opportunity/2cefef55-df48-49f9-a95a-7719dae29481"" target = ""_blank"">FOR-TR-27-002</a>","UNK","Extracellular Vesicle Therapeutics for Regenerative Medicine (ExTReMe)",2025-06-27,NA,"Forecasted","Developmental Biology; Pharmacology & Therapeutics","No HD Involvement","2026-08-24"
"<a href = ""https://simpler.grants.gov/opportunity/1068d706-36d8-4f1d-ac25-c3233f27669a"" target = ""_blank"">FOR-TR-27-003</a>","UNK","Selective Precision Targeting (SPoT)",2025-06-27,NA,"Forecasted","Pregnancy & Lactation; Pharmacology & Therapeutics","No HD Involvement","2026-08-24"
"<a href = ""https://simpler.grants.gov/opportunity/c78e4cd3-f897-4a41-a882-c8b4ba06a1ca"" target = ""_blank"">NOT-HD-25-006</a>","UNK","Notice of Intent to Publish a Funding Opportunity Announcement for ClinGen Genomic Curation Expert Panels",2025-06-25,NA,"Forecasted","Pediatrics; Pharmacology & Therapeutics","HD Primary","2026-08-24"
"<a href = ""https://simpler.grants.gov/opportunity/3378fa08-6551-4cd6-a483-590bf9b25e69"" target = ""_blank"">NOT-HD-25-007</a>","UNK","Notice of Intent to Publish a Funding Opportunity Announcement for HIV Pediatric, Adolescent and Maternal Clinical Trials",2025-06-25,NA,"Forecasted","Pregnancy & Lactation; Pediatrics","HD Primary","2026-08-24"
"<a href = ""https://simpler.grants.gov/opportunity/afb03ca4-ddb4-4fee-8813-c19520fb09ab"" target = ""_blank"">NOT-HD-25-008</a>","UNK","Notice of Intent to Publish a Funding Opportunity Announcement for Impact of Technology and Digital Media Exposure Usage on Child and Adolescent Development",2025-06-25,NA,"Forecasted","Pediatrics; Pharmacology & Therapeutics","HD Primary","2026-08-24"
"<a href = ""https://simpler.grants.gov/opportunity/6b68b9fe-d7c5-4b7b-ab75-314afe64e9f4"" target = ""_blank"">TEMP-31698</a>","UNK","Resource and Capacity Building to Advance the Science of Aggression across Species and Disciplines (R24 Clinical Trial Optional)",2025-06-25,NA,"Forecasted","Unclassified","No HD Involvement","2026-08-24"
"<a href = ""https://simpler.grants.gov/opportunity/507bb18b-7239-4c03-b50d-4a3b60589be7"" target = ""_blank"">FOR-RFA-AG-26-012</a>","RFA","Data Coordinating Center for the Aging and Alzheimer’s Disease Mouse Brain Atlas (AD-MBA)",2025-06-20,NA,"Forecasted","Unclassified","No HD Involvement","2026-08-24"
"<a href = ""https://simpler.grants.gov/opportunity/646e27d6-2e72-4093-8fdc-700e57d0cbc6"" target = ""_blank"">PAR-25-437</a>","PAR","Environmental influences on Child Health Outcomes (ECHO) Cohort Data and Biospecimen Access (X01 Clinical Trial Not Allowed)",2025-06-18,2028-03-01,"Posted","Pregnancy & Lactation; Pediatrics","No HD Involvement","2026-08-24"
"<a href = ""https://simpler.grants.gov/opportunity/c33b8d86-6f73-43bf-adcc-da3cecc0dc70"" target = ""_blank"">FOR-MH-26-145</a>","UNK","Research on System Support and Tools for Provider Training and Quality Monitoring for Suicide Preventive Care",2025-06-17,NA,"Forecasted","Pharmacology & Therapeutics","No HD Involvement","2026-08-24"
"<a href = ""https://simpler.grants.gov/opportunity/5e3d9abd-5a49-4f06-a82a-d7c050647ffe"" target = ""_blank"">FOR-MH-26-160</a>","UNK","Pilot Effectiveness Trials of Peer Support Services for Suicide Prevention",2025-06-17,NA,"Forecasted","Unclassified","No HD Involvement","2026-08-24"
"<a href = ""https://simpler.grants.gov/opportunity/30d06dbd-1ffa-4595-a364-b8e66d0b9192"" target = ""_blank"">PAR-25-333</a>","PAR","NIDCR Dual Degree Dentist Scientist Pathway to Independence Award (K99/R00 Clinical Trial Not Allowed)",2025-06-17,2028-05-07,"Posted","Unclassified","No HD Involvement","2026-08-24"
"<a href = ""https://simpler.grants.gov/opportunity/97adaa7a-4d74-44c6-8771-6d061767a40a"" target = ""_blank"">PAR-25-383</a>","PAR","Blueprint MedTech Translator (UG3/UH3 - Clinical Trial Optional)",2025-06-17,2028-01-28,"Posted","Pharmacology & Therapeutics","HD Secondary","2026-08-24"
"<a href = ""https://simpler.grants.gov/opportunity/2851fc95-ac9b-4009-9867-795d8f296e3d"" target = ""_blank"">PAR-25-442</a>","PAR","Expanding the Target Landscape by Drugging the Undruggable (R21 Clinical Trial Not Allowed)",2025-06-17,2028-02-17,"Posted","Pharmacology & Therapeutics","HD Secondary","2026-08-24"
"<a href = ""https://simpler.grants.gov/opportunity/1fc0e15a-85eb-4a37-b792-002fbfce5582"" target = ""_blank"">FOR-CA-25-077</a>","UNK","Forecast to Publish a Funding Opportunity Announcement for Cancer Epidemiology Cohorts: Building the Next Generation of Research Cohorts (U01 Clinical Trial Not Allowed)",2025-06-16,NA,"Forecasted","Unclassified","No HD Involvement","2026-08-24"
"<a href = ""https://simpler.grants.gov/opportunity/21233413-5552-4311-8eab-96ec6d16d288"" target = ""_blank"">FOR-CA-25-086</a>","UNK","Forecast to Publish a Notice of Funding Opportunity for SBIR Phase IIB Bridge Awards to Accelerate the Development of Cancer-Relevant Technologies Toward Commercialization (R44 Clinical Trial Optional)",2025-06-16,NA,"Forecasted","Pharmacology & Therapeutics","No HD Involvement","2026-08-24"
"<a href = ""https://simpler.grants.gov/opportunity/5c4969d5-f078-4caa-b8d3-2b7b2b94cbe7"" target = ""_blank"">FOR-CA-25-087</a>","UNK","Forecast to Publish a Notice of Funding Opportunity for Small Business Transition Grant For Early Career Scientists (R41/R42 Clinical Trial Not Allowed)",2025-06-16,NA,"Forecasted","Pharmacology & Therapeutics","No HD Involvement","2026-08-24"
"<a href = ""https://simpler.grants.gov/opportunity/43b3833e-1f05-41d1-86d3-55fedc41ceb8"" target = ""_blank"">PAR-25-414</a>","PAR","Support for Research Excellence (SuRE) Award (R16 Clinical Trial Not Allowed)",2025-06-13,2028-09-07,"Posted","Unclassified","HD Secondary","2026-08-24"
"<a href = ""https://simpler.grants.gov/opportunity/7dc976b1-c6ab-4669-b482-5ff5173e4a4e"" target = ""_blank"">PAR-25-415</a>","PAR","Support for Research Excellence  First Independent Research (SuRE-First) Award (R16 - Clinical Trial Not Allowed)",2025-06-13,2028-09-07,"Posted","Unclassified","HD Secondary","2026-08-24"
"<a href = ""https://simpler.grants.gov/opportunity/f7dde5e3-95ff-464f-88ba-8d303197a36c"" target = ""_blank"">PA-25-422</a>","PA","Ruth L. Kirschstein National Research Service Award (NRSA) Individual Predoctoral Fellowship (Parent F31)",2025-06-12,2028-05-07,"Posted","Unclassified","HD Secondary","2026-08-24"
"<a href = ""https://simpler.grants.gov/opportunity/0c33aa4f-7dd8-4887-a43e-25eab341ae98"" target = ""_blank"">PA-25-423</a>","PA","Ruth L. Kirschstein National Research Service Award (NRSA) Individual Postdoctoral Fellowship (Parent F32)",2025-06-12,2028-05-07,"Posted","Unclassified","HD Secondary","2026-08-24"
"<a href = ""https://simpler.grants.gov/opportunity/a3e35efa-ec13-4e1e-ba19-cd5e49fdc0a2"" target = ""_blank"">PA-25-424</a>","PA","Ruth L. Kirschstein National Research Service Award (NRSA) Individual Senior Fellowship (Parent F33)",2025-06-12,2028-05-07,"Posted","Unclassified","No HD Involvement","2026-08-24"
"<a href = ""https://simpler.grants.gov/opportunity/62cbc866-169b-474c-9dc9-cae3aa77fb4b"" target = ""_blank"">PA-25-425</a>","PA","Ruth L. Kirschstein National Research Service Award (NRSA) Individual Fellowship for Students at Institutions Without NIH-Funded Institutional Predoctoral Dual-Degree Training Programs (Parent F30)",2025-06-12,2028-05-07,"Posted","Unclassified","HD Secondary","2026-08-24"
"<a href = ""https://simpler.grants.gov/opportunity/d1bbe8bf-fd2c-4bdc-8c7d-ebc5e095b3b4"" target = ""_blank"">PA-25-426</a>","PA","Ruth L. Kirschstein National Research Service Award (NRSA) Individual Fellowship for Students at Institutions with NIH-Funded Institutional Predoctoral Dual-Degree Training Programs (Parent F30)",2025-06-12,2028-05-07,"Posted","Unclassified","HD Secondary","2026-08-24"
"<a href = ""https://simpler.grants.gov/opportunity/1b04cdeb-7432-47b1-949a-9d823782ca2d"" target = ""_blank"">PAR-27-049</a>","PAR","Ancillary Studies to Ongoing Clinical Projects (RP1 Clinical Trial Not Allowed)",2025-06-12,NA,"Forecasted","Unclassified","No HD Involvement","2026-08-24"
"<a href = ""https://simpler.grants.gov/opportunity/9f06c317-b398-4482-89b1-57bcf35363f3"" target = ""_blank"">FOR-EB-26-001</a>","UNK","Notice of Intent to Publish a Funding Opportunity Announcement for Trailblazer Award for New and Early-Stage Investigators (R21 Clinical Trial Optional)",2025-06-11,NA,"Forecasted","Pharmacology & Therapeutics","No HD Involvement","2026-08-24"
"<a href = ""https://simpler.grants.gov/opportunity/c25cb85c-95f8-414f-8754-79bec3d6d71e"" target = ""_blank"">PAR-25-416</a>","PAR","NIGMS National and Regional Resources (R24 - Clinical Trial Not Allowed)",2025-06-11,2027-06-14,"Posted","Pharmacology & Therapeutics","No HD Involvement","2026-08-24"
"<a href = ""https://simpler.grants.gov/opportunity/748bc51b-4220-4298-ad1d-8071fb390b66"" target = ""_blank"">FOR-AI-27-001</a>","UNK","Martin Delaney Collaboratories for HIV Cure Research",2025-06-10,NA,"Forecasted","Pediatrics; Pharmacology & Therapeutics","No HD Involvement","2026-08-24"
"<a href = ""https://simpler.grants.gov/opportunity/dd4bf75c-5d20-4d9f-b1db-51e395e6949c"" target = ""_blank"">FOR-MD-25-004</a>","UNK","Forecast to Publish a Funding Opportunity Announcement for Research Centers in Minority Institutions (RCMI) (U54 - Clinical Trial Optional)",2025-06-10,NA,"Forecasted","Unclassified","No HD Involvement","2026-08-24"
"<a href = ""https://simpler.grants.gov/opportunity/48bf4c5c-b6b3-4092-bbf4-32c3708800e1"" target = ""_blank"">FOR-MH-26-165</a>","UNK","Mechanistic Exploration of Therapeutic Targets and Treatable Traits to Improve CNS Outcomes in People with HIV",2025-06-09,NA,"Forecasted","Pharmacology & Therapeutics","No HD Involvement","2026-08-24"
"<a href = ""https://simpler.grants.gov/opportunity/e0071a8f-bde5-444a-bd22-f6e7bce40345"" target = ""_blank"">FOR-HG-25-020</a>","UNK","Genomic Variant Interactions With Other Variants Or The Environment (UM1 Clinical Trials Not Allowed)",2025-06-06,NA,"Forecasted","Unclassified","No HD Involvement","2026-08-24"
"<a href = ""https://simpler.grants.gov/opportunity/c223b7bc-1da4-4533-a09f-d35659e6d29b"" target = ""_blank"">FOR-HG-25-021</a>","UNK","Computational Modeling and Analysis of the Impact of Genomic Variation on Function (UM1, Clinical Trial Not Allowed)",2025-06-06,NA,"Forecasted","Unclassified","No HD Involvement","2026-08-24"
"<a href = ""https://simpler.grants.gov/opportunity/62ed707b-d5e9-40fe-8d95-cfa4573ff618"" target = ""_blank"">FOR-MH-26-200</a>","UNK","NIMH Biobehavioral Research Awards for Innovative New Scientists (NIMH BRAINS) (R01 Clinical Trial Optional)",2025-05-28,NA,"Forecasted","Unclassified","No HD Involvement","2026-08-24"
"<a href = ""https://simpler.grants.gov/opportunity/ff69bb8e-dc6f-4e46-931f-deb681aaa38a"" target = ""_blank"">FOR-NS-25-017</a>","UNK","Small Business Translator: MedTech and Digital Health Technologies",2025-05-28,NA,"Forecasted","Rehabilitation; Pharmacology & Therapeutics","HD Secondary","2026-08-24"
"<a href = ""https://simpler.grants.gov/opportunity/24e694ee-a9d9-4231-9b02-b4ad438ea211"" target = ""_blank"">NOT-RM-25-018</a>","UNK","Cellular Senescence Network (SenNet):Technology Projects (UG3/UH3 Clinical Trial Not Allowed)",2025-05-28,NA,"Forecasted","Pharmacology & Therapeutics","No HD Involvement","2026-08-24"
"<a href = ""https://simpler.grants.gov/opportunity/f07264b6-4b44-4f7c-9b62-52ed9082c92f"" target = ""_blank"">NOT-RM-25-019</a>","UNK","Cellular Senescence Network (SenNet): SenNet Data Coordination, Integration and Organizational Center (U24 or UM1)",2025-05-28,NA,"Forecasted","Pharmacology & Therapeutics","No HD Involvement","2026-08-24"
"<a href = ""https://simpler.grants.gov/opportunity/1b49b219-b655-4560-b837-68ed45b6580f"" target = ""_blank"">RFA-AR-27-001</a>","RFA","NIAMS P30 Centers Program (P30 - Clinical Trial Not Allowed)",2025-05-28,NA,"Forecasted","Unclassified","No HD Involvement","2026-08-24"
"<a href = ""https://simpler.grants.gov/opportunity/fef48e8c-9db6-4bf2-9f84-6efb9924ef99"" target = ""_blank"">TEMP-31337</a>","UNK","Notice of Intent to Publish a Funding Opportunity Announcement for NIEHS Worker Training Program’s Hazardous Materials Worker Health and Safety Training (U45 – Clinical Trials Not Allowed)",2025-05-28,NA,"Forecasted","Unclassified","No HD Involvement","2026-08-24"
"<a href = ""https://simpler.grants.gov/opportunity/342ab033-520e-4cf7-9f23-f823535044de"" target = ""_blank"">FOR-MD-25-003</a>","UNK","Forecast to Publish a Notice of Funding Opportunity Announcement for Addressing Determinants of Health Disparities Among Rural Populations (R01 - Clinical Trial Optional)",2025-05-27,NA,"Forecasted","Pharmacology & Therapeutics","No HD Involvement","2026-08-24"
"<a href = ""https://simpler.grants.gov/opportunity/3950a8ea-a5c8-4b0a-b5ea-670c8db6dc77"" target = ""_blank"">FOR-MD-25-005</a>","UNK","Forecast to Renew the Funding Opportunity Announcement for Multiple Chronic Disease Research Centers Coordinating Center (U24 Clinical Trial Not Required)",2025-05-27,NA,"Forecasted","Unclassified","No HD Involvement","2026-08-24"
"<a href = ""https://simpler.grants.gov/opportunity/79bade5f-509e-483b-9823-3efc52c2f3c5"" target = ""_blank"">FOR-NS-25-004</a>","UNK","Forecast for NIH Blueprint and BRAIN Initiative ACTION Potential Program (F99/K00 Clinical Trial Not Allowed)",2025-05-27,NA,"Forecasted","Unclassified","No HD Involvement","2026-08-24"
"<a href = ""https://simpler.grants.gov/opportunity/9d99eac6-dcd5-46ad-a2de-33cf63b41c53"" target = ""_blank"">FOR-NS-25-016</a>","UNK","Forecast for NINDS Exploratory Grant Program in Myalgic Encephalomyelitis/Chronic Fatigue Syndrome Research (P20 - Clinical Trial Optional)",2025-05-27,NA,"Forecasted","Unclassified","No HD Involvement","2026-08-24"
"<a href = ""https://simpler.grants.gov/opportunity/4abe9c3d-1440-49c8-8e79-afc7650a4c56"" target = ""_blank"">NOT-AI-25-032</a>","UNK","Limited Competition: International epidemiology Databases to Evaluate AIDS (IeDEA) (U01 Clinical Trial Not Allowed)",2025-05-27,NA,"Forecasted","Pediatrics","No HD Involvement","2026-08-24"
"<a href = ""https://simpler.grants.gov/opportunity/4df75ddd-298f-4d70-9808-1fea9dfed914"" target = ""_blank"">NOT-AA-25-006</a>","UNK","Forecast to Publish a Funding Opportunity Announcement for the Consortium on the Neurobiology of Adolescent Drinking in Adulthood (NADIA) Administrative Resource (Collaborative U24 - Clinical Trials not allowed)",2025-05-22,NA,"Forecasted","Pediatrics","No HD Involvement","2026-08-24"
"<a href = ""https://simpler.grants.gov/opportunity/94fb1ce5-b19a-4f48-9b88-d0ea1fdace24"" target = ""_blank"">NOT-AA-25-007</a>","UNK","Forecast to Publish a Funding Opportunity Announcement for the Consortium on the Neurobiology of Adolescent Drinking in Adulthood (NADIA) Research Resource (Collaborative U24 - Clinical Trials not allowed)",2025-05-22,NA,"Forecasted","Pediatrics","No HD Involvement","2026-08-24"
"<a href = ""https://simpler.grants.gov/opportunity/be45d1d0-0dd3-4e97-b104-00fe89bd65ce"" target = ""_blank"">NOT-AA-25-013</a>","UNK","Limited Competition for the Continuation of the National Consortium on Alcohol and Neurodevelopment in Adolescence (NCANDA) Administrative Resource (U24 Clinical Trials Optional)",2025-05-22,NA,"Forecasted","Pediatrics","No HD Involvement","2026-08-24"
"<a href = ""https://simpler.grants.gov/opportunity/628e387b-3119-4b47-9e49-f39c70ae187b"" target = ""_blank"">NOT-AA-25-014</a>","UNK","Limited Competition for the Continuation of the National Consortium on Alcohol and Neurodevelopment in Adolescence (NCANDA) Data Analysis Resource (U24 Clinical Trials Optional)",2025-05-22,NA,"Forecasted","Pediatrics","No HD Involvement","2026-08-24"
"<a href = ""https://simpler.grants.gov/opportunity/a5fdd007-af1e-44d4-9397-3cd7d439e88b"" target = ""_blank"">TEMP-30794</a>","UNK","NIEHS Worker Training Program’s SBIR E-Learning for HAZMAT and Emergency Response (R43/R44 Clinical Trial Not Allowed)",2025-05-21,NA,"Forecasted","Pharmacology & Therapeutics","No HD Involvement","2026-08-24"
"<a href = ""https://simpler.grants.gov/opportunity/3ff33fa1-de68-4575-bddc-e5f81377a2a8"" target = ""_blank"">NOT-HD-25-012</a>","UNK","Infrastructure for Population Dynamics Research Program (iPOP)",2025-05-14,NA,"Forecasted","Pediatrics","HD Primary","2026-08-24"
"<a href = ""https://simpler.grants.gov/opportunity/44151ce8-0fad-4f18-84a2-c8748178958e"" target = ""_blank"">NOT-RM-25-034</a>","UNK","Genome Sequencing Center for the Gabriella Miller Kids First Pediatric Research Program (U24 Clinical Trial Not Allowed)",2025-05-14,NA,"Forecasted","Developmental Biology; Pediatrics; Pharmacology & Therapeutics","No HD Involvement","2026-08-24"
"<a href = ""https://simpler.grants.gov/opportunity/fb2c5352-295a-466a-9b53-e6a1428efcda"" target = ""_blank"">NOT-RM-25-035</a>","UNK","Continued Development of the Gabriella Miller Kids First Pediatric Data Resource Center (U2C Clinical Trials Not Allowed)",2025-05-14,NA,"Forecasted","Developmental Biology; Pediatrics","No HD Involvement","2026-08-24"
"<a href = ""https://simpler.grants.gov/opportunity/55758ad7-4d40-42e0-b87e-ad97273cc2ab"" target = ""_blank"">NOT-RM-25-036</a>","UNK","Gabriella Miller Kids First Training and Outreach Core (U24 Clinical Trials Not Allowed)",2025-05-14,NA,"Forecasted","Developmental Biology; Pediatrics","No HD Involvement","2026-08-24"
"<a href = ""https://simpler.grants.gov/opportunity/49a6de08-2356-43b3-af61-6116b229acd8"" target = ""_blank"">NOT-AA-25-012</a>","UNK","Forecast to Publish a Funding Opportunity Announcement for Limited Competition for the Continuation of the National Consortium on Alcohol and Neurodevelopment in Adolescence (NCANDA) Research Project Sites (U01 Clinical Trials Optional)",2025-05-13,NA,"Forecasted","Pediatrics","No HD Involvement","2026-08-24"
"<a href = ""https://simpler.grants.gov/opportunity/6c6417e0-a321-48cd-a93d-8dce887d6b55"" target = ""_blank"">FOR-HG-25-018</a>","UNK","Systematic Characterization of Genomic Variation to Assess Effects of Individual Variants on Genome Function and Phenotype (UM1 Clinical Trials Not Allowed)",2025-05-12,NA,"Forecasted","Unclassified","No HD Involvement","2026-08-24"
"<a href = ""https://simpler.grants.gov/opportunity/c9ff9b71-b097-4198-9853-3871ccb9ba19"" target = ""_blank"">FOR-HG-25-019</a>","UNK","IGVF Data and Coordinating Center (U24 Clinical trials Not Allowed)",2025-05-12,NA,"Forecasted","Unclassified","No HD Involvement","2026-08-24"
"<a href = ""https://simpler.grants.gov/opportunity/bbf0a18c-1e2f-45ef-acd6-980df3828974"" target = ""_blank"">FOR-MD-25-002</a>","UNK","Forecast to Renew the Notice of Funding Opportunity Announcement for the Multiple Chronic Disease Research Centers",2025-05-12,NA,"Forecasted","Pediatrics","No HD Involvement","2026-08-24"
"<a href = ""https://simpler.grants.gov/opportunity/f42076d6-528a-48da-8a80-ae9e58e06adf"" target = ""_blank"">NOT-DK-26-312</a>","UNK","Notice of Intent to Publish a Funding Opportunity Announcement for Single Source for Continuation of the Environmental Determinants of Diabetes in The Young Study (TEDDY) Data Coordinating Center (U01 Clinical Trial Not Allowed)",2025-05-12,NA,"Forecasted","Unclassified","No HD Involvement","2026-08-24"
"<a href = ""https://simpler.grants.gov/opportunity/1544f10e-e38f-4d3c-adfa-d9c602273c73"" target = ""_blank"">FOR-NR-25-006</a>","UNK","Limited Competition: Community-Partnered Nursing Research Centers for Schools and Colleges of Nursing with Limited NIH Funding (P20 Clinical Trial Optional)",2025-05-09,NA,"Forecasted","Unclassified","No HD Involvement","2026-08-24"
"<a href = ""https://simpler.grants.gov/opportunity/3ee5e85e-010c-425f-aa08-8e4f40d81c0f"" target = ""_blank"">NOT-AA-25-009</a>","UNK","Forecast to Publish a Funding Opportunity Announcement for Copy of Integrative Neuroscience Initiative on Alcoholism (INIA) Consortia Administrative Resource Core (U24) (Clinical Trial Optional)",2025-05-06,NA,"Forecasted","Pharmacology & Therapeutics","No HD Involvement","2026-08-24"
"<a href = ""https://simpler.grants.gov/opportunity/99880b2a-a7d3-4869-a2f9-ef4c6e1f019e"" target = ""_blank"">NOT-AA-25-011</a>","UNK","Forecast to Publish a Funding Opportunity Announcement for Integrative Neuroscience Initiative on Alcoholism (INIA) Consortia (U01 Clinical Trial Optional)",2025-05-06,NA,"Forecasted","Pharmacology & Therapeutics","No HD Involvement","2026-08-24"
"<a href = ""https://simpler.grants.gov/opportunity/56cb921d-6c86-4108-bf10-a2ec4f8ceef3"" target = ""_blank"">NOT-AA-25-010</a>","UNK","Forecast to Publish a Funding Opportunity Announcement for Copy of Integrative Neuroscience Initiative on Alcoholism (INIA) Consortia Research Resource (U24) (Clinical Trial Optional)",2025-05-05,NA,"Forecasted","Pharmacology & Therapeutics","No HD Involvement","2026-08-24"
"<a href = ""https://simpler.grants.gov/opportunity/73f39ef2-101c-4f6a-bf77-30ebea1d8474"" target = ""_blank"">RFA-OD-25-003</a>","RFA","Short Courses on Innovative Methodologies and Approaches in the Behavioral and Social Sciences (R25 Clinical Trials Not Allowed)",2025-03-12,2027-04-09,"Posted","Unclassified","No HD Involvement","2026-08-24"
"<a href = ""https://simpler.grants.gov/opportunity/e9b3d943-9e83-48a7-911f-21e77eb9c9fb"" target = ""_blank"">PAR-25-378</a>","PAR","Intervention Research to Improve Native American Health (R34 Clinical Trial Optional)",2025-01-22,2027-01-07,"Posted","Unclassified","HD Secondary","2026-08-24"
"<a href = ""https://simpler.grants.gov/opportunity/818e5c60-39e1-4009-9d8e-698d365b5ad1"" target = ""_blank"">PAR-25-379</a>","PAR","Intervention Research to Improve Native American Health (R01 Clinical Trial Optional)",2025-01-22,2027-01-07,"Posted","Unclassified","HD Secondary","2026-08-24"
"<a href = ""https://simpler.grants.gov/opportunity/f5586c5b-9add-44c1-9566-73ab7c7dd8b4"" target = ""_blank"">PAR-25-352</a>","PAR","National Cooperative Drug/Device Discovery/Development Groups (NCDDG) for the Treatment of Mental Disorders (U01 Clinical Trial Optional)",2025-01-15,2027-10-25,"Posted","Pharmacology & Therapeutics","No HD Involvement","2026-08-24"
"<a href = ""https://simpler.grants.gov/opportunity/26162ad2-d8cc-4eb7-9e65-f6b5d9985c13"" target = ""_blank"">PAR-25-353</a>","PAR","National Cooperative Drug/Device Discovery/Development Groups (NCDDG) for the Treatment of Mental Disorders (U19 Clinical Trial Optional)",2025-01-15,2027-10-25,"Posted","Pharmacology & Therapeutics","No HD Involvement","2026-08-24"
"<a href = ""https://simpler.grants.gov/opportunity/580bf02a-af63-40f8-9fdc-e79ab5f63ad5"" target = ""_blank"">PAR-25-313</a>","PAR","NCI Pathway to Independence Award (K99/R00  Clinical Trial Required)",2025-01-14,2027-10-14,"Posted","Unclassified","No HD Involvement","2026-08-24"
"<a href = ""https://simpler.grants.gov/opportunity/fd135574-7ecb-4710-8f7e-83a32df52d78"" target = ""_blank"">PAR-25-369</a>","PAR","Ethical, Legal and Social Implications (ELSI) Exploratory/Developmental Research Grant (R21 Clinical Trial Optional)",2025-01-13,2026-11-18,"Posted","Pharmacology & Therapeutics","HD Secondary","2026-08-24"
"<a href = ""https://simpler.grants.gov/opportunity/83a0f6eb-7ed1-4d8f-8f83-a18249f16157"" target = ""_blank"">PAR-25-370</a>","PAR","Ethical, Legal and Social Implications (ELSI) Small Research Grant (R03 Clinical Trial Optional)",2025-01-13,2026-11-16,"Posted","Unclassified","HD Secondary","2026-08-24"
"<a href = ""https://simpler.grants.gov/opportunity/3fad2356-0302-47cc-83e0-8966c6eebb3e"" target = ""_blank"">PAR-25-371</a>","PAR","Ethical, Legal and Social Implications (ELSI) Research (R01 Clinical Trial Optional)",2025-01-13,2026-11-18,"Posted","Unclassified","HD Secondary","2026-08-24"
"<a href = ""https://simpler.grants.gov/opportunity/d91c6831-95b8-4598-90e1-255b03260d44"" target = ""_blank"">PAR-25-091</a>","PAR","Limited Competition: Small Grant Program for NIDDK K01/K08/K23/K25 Recipients (R03 Clinical Trial Optional)",2025-01-10,2028-01-07,"Posted","Pharmacology & Therapeutics","No HD Involvement","2026-08-24"
"<a href = ""https://simpler.grants.gov/opportunity/1154d950-fe5b-4fe7-b92e-70f016dff157"" target = ""_blank"">PAR-25-358</a>","PAR","NEI Clinical Research Study Planning Grant Program (R34 Clinical Trial Not Allowed)",2025-01-10,2028-01-07,"Posted","Unclassified","No HD Involvement","2026-08-24"
"<a href = ""https://simpler.grants.gov/opportunity/9ea57cf9-811c-4b26-9d18-fc27169861e7"" target = ""_blank"">PAR-24-329</a>","PAR","Development and Testing of Novel Interventions to Improve HIV Prevention, Treatment, and Program Implementation for People Who Use Substances (R34 Clinical Trial Required)",2025-01-08,2027-03-16,"Posted","Pharmacology & Therapeutics","No HD Involvement","2026-08-24"
"<a href = ""https://simpler.grants.gov/opportunity/da7539a2-83d7-43b5-a2c6-c75c241c83db"" target = ""_blank"">PAR-25-068</a>","PAR","Pilot Studies of Biological, Behavioral and Social Mechanisms Contributing to HIV Pathogenesis Within the Mission of NIDDK (R21 Clinical Trial Not Allowed)",2025-01-08,2027-11-16,"Posted","Unclassified","No HD Involvement","2026-08-24"
"<a href = ""https://simpler.grants.gov/opportunity/3664b7cc-4939-4406-b47f-fb9fcdba0d28"" target = ""_blank"">PAR-25-250</a>","PAR","NIDCD Research Dissertation Fellowship for Au.D. Audiologists (F32)",2025-01-08,2028-01-07,"Posted","Unclassified","No HD Involvement","2026-08-24"
"<a href = ""https://simpler.grants.gov/opportunity/f29cc44b-ea0c-460c-94a7-cc1c2c454134"" target = ""_blank"">PAR-25-354</a>","PAR","Multidisciplinary Studies of HIV/AIDS and Aging (R01 Clinical Trial Optional)",2025-01-08,2026-01-08,"Closed","Unclassified","No HD Involvement","2026-08-24"
"<a href = ""https://simpler.grants.gov/opportunity/2befce90-5f24-460d-b5a8-b787e23e3b39"" target = ""_blank"">PAR-25-355</a>","PAR","Multidisciplinary Studies of HIV/AIDS and Aging (R21 Clinical Trial Optional)",2025-01-08,2026-01-08,"Closed","Unclassified","No HD Involvement","2026-08-24"
"<a href = ""https://simpler.grants.gov/opportunity/f86a4e9d-1aad-4331-9d27-cfd38649bc82"" target = ""_blank"">PAS-25-073</a>","PAR","Priority HIV/AIDS Research within the Mission of NIDDK (R01 Clinical Trial Optional)",2025-01-08,2027-11-05,"Posted","Unclassified","No HD Involvement","2026-08-24"
"<a href = ""https://simpler.grants.gov/opportunity/94e47d25-a7fe-47a7-9e57-d9641334b81f"" target = ""_blank"">RFA-AT-25-003</a>","RFA","HEAL Initiative: Pain Research Enhancement Program (PREP) (R15 Clinical Trial Optional)",2025-01-08,2026-11-23,"Posted","Unclassified","HD Secondary","2026-08-24"
"<a href = ""https://simpler.grants.gov/opportunity/705f557f-8e45-4a72-a32b-6659c96c6a6f"" target = ""_blank"">PAR-25-324</a>","PAR","Method to Extend Research in Time (MERIT) Award Extension Request (Type 4 eSubmission Clinical Trial Optional)",2025-01-06,2028-09-07,"Posted","Unclassified","No HD Involvement","2026-08-24"
"<a href = ""https://simpler.grants.gov/opportunity/02c6833e-637a-4833-bd57-303c9b003e1c"" target = ""_blank"">PAR-25-343</a>","PAR","NIDCD Cooperative Agreement for Clinical Trials in Communication Disorders (U01 - Clinical Trial Required)",2025-01-06,2027-10-18,"Posted","Unclassified","No HD Involvement","2026-08-24"
"<a href = ""https://simpler.grants.gov/opportunity/331fb554-ad2f-47e1-829d-9411088ff208"" target = ""_blank"">RFA-DC-25-003</a>","RFA","Cooperative Agreement for In Vivo High-Resolution Imaging for Inner Ear Visualization (U01 Clinical Trial Required)",2025-01-06,2026-10-01,"Posted","Pharmacology & Therapeutics","No HD Involvement","2026-08-24"
"<a href = ""https://simpler.grants.gov/opportunity/056e3a67-1026-4330-a98d-dad49975a09d"" target = ""_blank"">RFA-DC-25-005</a>","RFA","In Vivo High-Resolution Imaging for Inner Ear Visualization (R01 Clinical Trial optional)",2025-01-06,2026-10-01,"Posted","Pharmacology & Therapeutics","No HD Involvement","2026-08-24"
"<a href = ""https://simpler.grants.gov/opportunity/540f0a51-dda9-4ec3-889b-85b8c24f2787"" target = ""_blank"">PA-25-280</a>","PA","Ruth L. Kirschstein National Research Service Award (NRSA) Short-Term Institutional Research Training Grant (Parent T35)",2025-01-02,2028-05-07,"Posted","Unclassified","No HD Involvement","2026-08-24"
"<a href = ""https://simpler.grants.gov/opportunity/6984b3ab-ea7d-446a-9d98-5f85b8e57b87"" target = ""_blank"">PAR-25-347</a>","PAR","Substance Use/Substance Use Disorder Dissertation Research Award (R36 Clinical Trials Not Allowed)",2025-01-02,2026-09-07,"Posted","Pharmacology & Therapeutics","No HD Involvement","2026-08-24"
"<a href = ""https://simpler.grants.gov/opportunity/4767321c-d902-4914-b62d-48bd9453cbd1"" target = ""_blank"">PAR-25-357</a>","PAR","NEI Research Grant for Vision-Related Secondary Data Analysis (R21 Clinical Trial Not Allowed)",2025-01-02,2027-10-16,"Posted","Unclassified","No HD Involvement","2026-08-24"
"<a href = ""https://simpler.grants.gov/opportunity/1351fb75-f66d-4304-80cb-864a04f7bea9"" target = ""_blank"">PAR-25-337</a>","PAR","Academic-Industrial Partnerships for Translation of Technologies for Diagnosis and Treatment (R01 - Clinical Trial Optional)",2024-12-31,2028-01-07,"Posted","Pharmacology & Therapeutics","No HD Involvement","2026-08-24"
"<a href = ""https://simpler.grants.gov/opportunity/de571551-37bc-4b3a-a20e-87f3e9f15cb4"" target = ""_blank"">PAR-25-338</a>","PAR","Academic-Industrial Partnerships for Translation of Technologies for Diagnosis and Treatment (R01 - Clinical Trial Not Allowed)",2024-12-31,2028-01-07,"Posted","Pharmacology & Therapeutics","No HD Involvement","2026-08-24"
"<a href = ""https://simpler.grants.gov/opportunity/bab9ddd0-0fd0-4153-b023-115f0d286991"" target = ""_blank"">PAR-25-101</a>","PAR","Cutting-Edge Basic Research Awards (CEBRA) (R21 Clinical Trial Optional)",2024-12-30,2027-08-11,"Posted","Pharmacology & Therapeutics","No HD Involvement","2026-08-24"
"<a href = ""https://simpler.grants.gov/opportunity/92d5dca4-b6e9-4c88-9e9d-9b6a6b32d029"" target = ""_blank"">PAR-25-283</a>","PAR","Innovative Mental Health Services Research Not Involving Clinical Trials (R01 Clinical Trials Not Allowed)",2024-12-30,2028-01-07,"Posted","Unclassified","No HD Involvement","2026-08-24"
"<a href = ""https://simpler.grants.gov/opportunity/d2c68406-e847-4502-8fce-0eb66ca5baab"" target = ""_blank"">PAR-25-284</a>","PAR","Innovative Pilot Mental Health Services Research Not Involving Clinical Trials (R34 Clinical Trial Not Allowed)",2024-12-30,2028-01-07,"Posted","Pharmacology & Therapeutics","No HD Involvement","2026-08-24"
"<a href = ""https://simpler.grants.gov/opportunity/91646887-7c4c-414b-9b0e-6d550296ece1"" target = ""_blank"">PAR-25-362</a>","PAR","Early Immune System Development and Ontogeny (R01 Clinical Trial Optional)",2024-12-30,2028-11-05,"Posted","Pregnancy & Lactation; Pediatrics; Pharmacology & Therapeutics","HD Primary","2026-08-24"
"<a href = ""https://simpler.grants.gov/opportunity/100dd27f-4cc8-49e1-89b9-24602921eda6"" target = ""_blank"">PAR-25-374</a>","PAR","Translational Bioinformatics and Experimental Approaches to Advance Drug Repositioning and Combination Therapy Development for Alzheimers Disease and Related Dementias (R01 Clinical Trial Not Allowed)",2024-12-30,2028-05-07,"Posted","Pharmacology & Therapeutics","No HD Involvement","2026-08-24"
"<a href = ""https://simpler.grants.gov/opportunity/26924d10-74ea-4448-a8c1-fa61e3990830"" target = ""_blank"">PAR-25-194</a>","PAR","Limited Competition: Ruth L. Kirschstein National Research Service Award (NRSA) Predoctoral Research Training Grant for the Clinical and Translational Science Awards (CTSA) Program (T32 Clinical Trial Not Allowed)",2024-12-19,2027-09-28,"Posted","Pharmacology & Therapeutics","No HD Involvement","2026-08-24"
"<a href = ""https://simpler.grants.gov/opportunity/ef6ddcd1-6b62-4f0b-b357-d9431e633390"" target = ""_blank"">PAR-25-195</a>","PAR","Limited Competition: Ruth L. Kirschstein National Research Service Award (NRSA) Postdoctoral Research Training Grant for the Clinical and Translational Science Awards (CTSA) Program (T32 Clinical Trial Not Allowed)",2024-12-19,2027-09-28,"Posted","Pharmacology & Therapeutics","No HD Involvement","2026-08-24"
"<a href = ""https://simpler.grants.gov/opportunity/17223aaa-4ddf-44ef-a26e-d995578c2cb9"" target = ""_blank"">PA-25-301</a>","PA","NIH Research Project Grant (Parent R01 Clinical Trial Not Allowed)",2024-12-18,2028-01-07,"Posted","Unclassified","HD Secondary","2026-08-24"
"<a href = ""https://simpler.grants.gov/opportunity/36d76c44-9502-42f2-9387-65ea2a6d157a"" target = ""_blank"">PA-25-302</a>","PA","NIH Small Research Grant Program (Parent R03 Clinical Trial Not Allowed)",2024-12-18,2028-01-07,"Posted","Pharmacology & Therapeutics","HD Secondary","2026-08-24"
"<a href = ""https://simpler.grants.gov/opportunity/c9548bbc-778b-4cc1-bce7-35c4f0eb075a"" target = ""_blank"">PA-25-304</a>","PA","NIH Exploratory/Developmental Research Project Grant (Parent R21 Clinical Trial Not Allowed)",2024-12-18,2028-01-07,"Posted","Unclassified","HD Secondary","2026-08-24"
"<a href = ""https://simpler.grants.gov/opportunity/84afc4e4-f232-4366-a6ee-50205610a432"" target = ""_blank"">PA-25-305</a>","PA","NIH Research Project Grant (Parent R01 Clinical Trial Required)",2024-12-18,2028-01-07,"Posted","Unclassified","HD Secondary","2026-08-24"
"<a href = ""https://simpler.grants.gov/opportunity/c0eb03bb-3e20-459f-850e-a8cf1e1271c1"" target = ""_blank"">PA-25-306</a>","PA","NIH Exploratory/Developmental Research Project Grant (Parent R21 Clinical Trial Required)",2024-12-18,2028-01-07,"Posted","Unclassified","HD Secondary","2026-08-24"
"<a href = ""https://simpler.grants.gov/opportunity/abd15dbe-3891-47eb-b1e1-31c03f8ea731"" target = ""_blank"">PAR-25-032</a>","PAR","NHLBI Clinical Trial Pilot Studies (R34 Clinical Trial Optional)",2024-12-18,2027-01-07,"Posted","Unclassified","No HD Involvement","2026-08-24"
"<a href = ""https://simpler.grants.gov/opportunity/a86adccf-1577-4f68-9f2f-e9e0c5ab46f2"" target = ""_blank"">PAR-25-327</a>","PAR","Translational Efforts to Advance Gene-based Therapies for Ultra-Rare Neurological and Neuromuscular Disorders (U01 - Clinical Trial Optional)",2024-12-18,2027-10-08,"Posted","Pharmacology & Therapeutics","No HD Involvement","2026-08-24"
"<a href = ""https://simpler.grants.gov/opportunity/7b85616a-e7b4-4c39-a71a-5269c238a9f6"" target = ""_blank"">PAR-25-311</a>","PAR","Leveraging Network Infrastructure to Conduct Innovative Research for Women, Children, Pregnant and Lactating Women, and Persons with Disabilities (UG3/UH3 - Clinical Trial Optional)",2024-12-16,2027-11-15,"Posted","Pregnancy & Lactation; Pediatrics","HD Primary","2026-08-24"
"<a href = ""https://simpler.grants.gov/opportunity/36b6fe58-bbed-461b-b995-c43ac2fbfa22"" target = ""_blank"">PAR-25-336</a>","PAR","Toward Translation of Nanotechnology Cancer Interventions (TTNCI; R01 Clinical Trial Not Allowed)",2024-12-16,2027-11-15,"Posted","Pharmacology & Therapeutics","No HD Involvement","2026-08-24"
"<a href = ""https://simpler.grants.gov/opportunity/6e87ea8d-901b-4550-910a-7b7b5184f130"" target = ""_blank"">PAS-25-236</a>","PAR","D-START: Data Science Track Award for Research Transition (D/START) (R03-Clinical Trial Optional)",2024-12-16,2026-07-29,"Closed","Unclassified","No HD Involvement","2026-08-24"
"<a href = ""https://simpler.grants.gov/opportunity/00787c6d-1b46-47b6-8b12-50c18efb56eb"" target = ""_blank"">RFA-DC-25-002</a>","RFA","NIDCD Research Grants for Translating Basic Research into Clinical Practice (R01 Clinical Trial Optional)",2024-12-16,2027-10-12,"Posted","Unclassified","No HD Involvement","2026-08-24"
"<a href = ""https://simpler.grants.gov/opportunity/4b258187-e0d2-4832-9ccb-f7c821c14e87"" target = ""_blank"">RFA-HG-25-009</a>","RFA","Supporting Talented Early Career Researchers in Genomics (R01 Clinical Trial Optional)",2024-12-16,2027-02-26,"Posted","Unclassified","No HD Involvement","2026-08-24"
"<a href = ""https://simpler.grants.gov/opportunity/51468746-6b7b-44c0-aafa-e371947a0ad6"" target = ""_blank"">PAR-25-247</a>","PAR","Institutional Training Programs to Advance Translational Research on Alzheimer's Disease (AD) and AD-Related Dementias (ADRD) (T32 Clinical Trial Not Allowed)",2024-12-13,2026-09-25,"Posted","Pharmacology & Therapeutics","No HD Involvement","2026-08-24"
"<a href = ""https://simpler.grants.gov/opportunity/ff53e2e3-28af-4065-8519-b45c5d4b347a"" target = ""_blank"">PAR-25-317</a>","PAR","Risk and Protective Factors of Family Health and Family Level Interventions (R01 Clinical Trial Optional)",2024-12-13,2027-05-08,"Posted","Unclassified","No HD Involvement","2026-08-24"
"<a href = ""https://simpler.grants.gov/opportunity/34dd63c9-1540-4fb4-8e51-27adafcd5428"" target = ""_blank"">PAR-25-325</a>","PAR","Integrating Biospecimen Science Approaches into Clinical Assay Development (U01 Clinical Trial Not Allowed)",2024-12-13,2027-09-10,"Posted","Pregnancy & Lactation","No HD Involvement","2026-08-24"
"<a href = ""https://simpler.grants.gov/opportunity/17546621-c760-4f5f-97ad-bed6682eae03"" target = ""_blank"">PAR-25-155</a>","PAR","Limited Competition: Small Grant Program for the NCATS Clinical and Translational Science Award (CTSA) Program (R03 Clinical Trial Optional)",2024-12-11,2026-10-19,"Posted","Pharmacology & Therapeutics","No HD Involvement","2026-08-24"
"<a href = ""https://simpler.grants.gov/opportunity/d0c117d6-6a01-4747-b38e-73e71bfa24b6"" target = ""_blank"">PAR-25-296</a>","PAR","Limited Competition: Clinical and Translational Science Award (CTSA) Program: Collaborative and Innovative Acceleration Award (UG3/UH3 Clinical Trial Optional)",2024-12-11,2027-10-19,"Posted","Pharmacology & Therapeutics","HD Secondary","2026-08-24"
"<a href = ""https://simpler.grants.gov/opportunity/0430f169-66e0-47ef-8fef-40258a759c8e"" target = ""_blank"">PAR-25-346</a>","PAR","Exploratory/Developmental Bioengineering Research Grants (EBRG) (R21 Clinical Trial Not Allowed)",2024-12-11,2028-01-07,"Posted","Unclassified","No HD Involvement","2026-08-24"
"<a href = ""https://simpler.grants.gov/opportunity/4db279cb-b18a-4292-8548-c8863052bdb9"" target = ""_blank"">PAR-25-156</a>","PAR","Limited Competition: High Impact Specialized Innovation Programs in Clinical and Translational Science  (RC2 Clinical Trials Optional)",2024-12-10,2026-09-28,"Posted","Unclassified","No HD Involvement","2026-08-24"
"<a href = ""https://simpler.grants.gov/opportunity/eaa19300-9b67-4371-b499-ddb30c4abd33"" target = ""_blank"">PAR-25-196</a>","PAR","Limited Competition: Mentored Research Career Development Program Award in Clinical and Translational Science Awards (CTSA) Program (K12 Clinical Trial Optional)",2024-12-10,2027-09-28,"Posted","Unclassified","No HD Involvement","2026-08-24"
"<a href = ""https://simpler.grants.gov/opportunity/36fa146e-a461-4128-99a4-a65bc83aa928"" target = ""_blank"">PAR-25-321</a>","PAR","Exploratory/Developmental Bioengineering Research Grants (EBRG) (R21 Clinical Trial Optional)",2024-12-10,2028-01-07,"Posted","Unclassified","No HD Involvement","2026-08-24"
"<a href = ""https://simpler.grants.gov/opportunity/5812c680-3ea9-4883-8114-5502f4a5e53f"" target = ""_blank"">PAR-24-279</a>","PAR","Exploratory Clinical Trial Grants in Arthritis and Musculoskeletal and Skin Diseases (R61 Clinical Trial Required)",2024-12-09,2026-11-02,"Posted","Unclassified","No HD Involvement","2026-08-24"
"<a href = ""https://simpler.grants.gov/opportunity/f9773551-0c3a-42c7-b88e-fde3811fdb19"" target = ""_blank"">PAR-24-280</a>","PAR","Clinical Observational (CO) Studies in Musculoskeletal, Rheumatic, and Skin Diseases (R01 Clinical Trial Not Allowed)",2024-12-09,2026-11-02,"Posted","Unclassified","No HD Involvement","2026-08-24"
"<a href = ""https://simpler.grants.gov/opportunity/e2e24c39-0568-4097-bc17-3723ed52356c"" target = ""_blank"">PAR-25-141</a>","PAR","NIAMS Clinical Trial Implementation Cooperative Agreement (UG3/UH3 Clinical Trial Required)",2024-12-09,2027-03-04,"Posted","Unclassified","No HD Involvement","2026-08-24"
"<a href = ""https://simpler.grants.gov/opportunity/bc87b9d1-ec92-44e1-bd82-43f375fa3a73"" target = ""_blank"">PAR-25-197</a>","PAR","Limited Competition: NCATS Clinical and Translational Science Award (CTSA) Program Research Education Grants Programs (R25 - Clinical Trial Not Allowed)",2024-12-09,2027-05-28,"Posted","Unclassified","No HD Involvement","2026-08-24"
"<a href = ""https://simpler.grants.gov/opportunity/c4c4d1db-a57c-47fc-aac0-4d78290582fc"" target = ""_blank"">PAR-24-330</a>","PAR","Interventions to Reduce Sleep Health Disparities (R01 - Clinical Trials Optional)",2024-12-06,2027-09-07,"Posted","Pharmacology & Therapeutics","No HD Involvement","2026-08-24"
"<a href = ""https://simpler.grants.gov/opportunity/d9f9695f-bc11-49cb-a6ab-bebe8767c637"" target = ""_blank"">PAR-25-100</a>","PAR","Pilot Health Services and Economic Research on the Treatment of Drug, Alcohol, and Tobacco Use Disorders (R34 Clinical Trial Optional)",2024-12-06,2027-05-07,"Posted","Pharmacology & Therapeutics","No HD Involvement","2026-08-24"
"<a href = ""https://simpler.grants.gov/opportunity/c32471d8-ae64-4d6a-917c-430417bdd3c1"" target = ""_blank"">PAR-25-298</a>","PAR","Research Enhancement Award Program (REAP) for Health Professional Schools and Graduate Schools (R15 Clinical Trial Not Allowed)",2024-12-06,2028-01-07,"Posted","Unclassified","HD Secondary","2026-08-24"
"<a href = ""https://simpler.grants.gov/opportunity/99e43e8c-dfd4-4e00-9930-081ca0dd9eae"" target = ""_blank"">RFA-TR-25-002</a>","RFA","Preclinical Proof of Concept Studies for Rare Diseases (R21 Clinical Trial Not Allowed)",2024-12-06,2027-07-02,"Posted","Pharmacology & Therapeutics","No HD Involvement","2026-08-24"
"<a href = ""https://simpler.grants.gov/opportunity/4dc45e27-8d07-4a99-8eb7-4881330a4355"" target = ""_blank"">PAR-25-025</a>","PAR","NHLBI Early Phase Clinical Trials for Therapeutics and/or Diagnostics for HLBS Disorders (R33 CT Required)",2024-12-05,2027-01-07,"Posted","Pediatrics; Pharmacology & Therapeutics","No HD Involvement","2026-08-24"
"<a href = ""https://simpler.grants.gov/opportunity/ea08dd4a-1438-4a0b-a57b-8a393187a141"" target = ""_blank"">PAR-25-026</a>","PAR","NHLBI Early Phase Clinical Trials for Therapeutics and/or Diagnostics for HLBS Disorders (R61/R33 Clinical Trial Required)",2024-12-05,2027-01-07,"Posted","Pediatrics; Pharmacology & Therapeutics","No HD Involvement","2026-08-24"
"<a href = ""https://simpler.grants.gov/opportunity/d23e74e1-5ffd-4ef3-ad72-7fb9697e5949"" target = ""_blank"">PAR-25-299</a>","PAR","Interventions to Address Disparities in Liver Diseases and Liver Cancer (R01 - Clinical Trials Optional)",2024-12-05,2028-01-07,"Posted","Unclassified","No HD Involvement","2026-08-24"
"<a href = ""https://simpler.grants.gov/opportunity/078c6a60-731b-4c4f-bd44-d6ed7c5293c1"" target = ""_blank"">RFA-DA-26-055</a>","RFA","Accelerating the Pace of Substance Use Research Using Existing Data (R01 Clinical Trial Not Allowed)",2024-12-05,2027-12-03,"Posted","Pharmacology & Therapeutics","No HD Involvement","2026-08-24"
"<a href = ""https://simpler.grants.gov/opportunity/09e581fe-7695-4b3b-ab60-b5456bd788fd"" target = ""_blank"">RFA-DA-26-056</a>","RFA","Accelerating the Pace of Substance Use Research Using Existing Data (R21 Clinical Trial Not Allowed)",2024-12-05,2027-12-03,"Posted","Pharmacology & Therapeutics","No HD Involvement","2026-08-24"
"<a href = ""https://simpler.grants.gov/opportunity/5a01de72-0d63-4009-852c-d2e64018c100"" target = ""_blank"">PAR-25-297</a>","PAR","Alzheimer's Drug-Development Program (U01 Clinical Trial Optional)",2024-12-04,2027-11-05,"Posted","Pharmacology & Therapeutics","No HD Involvement","2026-08-24"
"<a href = ""https://simpler.grants.gov/opportunity/349e5f80-2ca6-4f57-a5a0-5d753af4bfa2"" target = ""_blank"">PAR-25-251</a>","PAR","NIAID Career Transition Award (K22 Independent Clinical Trial Not Allowed)",2024-12-03,2028-01-07,"Posted","Unclassified","No HD Involvement","2026-08-24"
"<a href = ""https://simpler.grants.gov/opportunity/b8957faa-5824-4b59-b18f-3b4a69501121"" target = ""_blank"">PAR-25-310</a>","PAR","Accelerating Solutions to Improve Access and Quality of Empirically-Supported Practices for Youth Mental Health (R01 Clinical Trial Optional)",2024-12-03,2027-01-07,"Posted","Pediatrics","No HD Involvement","2026-08-24"
"<a href = ""https://simpler.grants.gov/opportunity/322e2417-4b14-4e57-a487-142850f52e2f"" target = ""_blank"">PAR-25-134</a>","PAR","Academic Research Enhancement Award (AREA) for Undergraduate-Focused Institutions (R15 Clinical Trial Not Allowed)",2024-12-02,2028-01-07,"Posted","Unclassified","HD Secondary","2026-08-24"
"<a href = ""https://simpler.grants.gov/opportunity/efa5065c-2676-4b1a-b17f-d7e42dcfb3e4"" target = ""_blank"">PAR-25-188</a>","PAR","NIDCR Behavioral and Social Intervention Clinical Trial Planning and Implementation Cooperative Agreement (UG3/UH3 Clinical Trial Required)",2024-12-02,2028-01-06,"Posted","Unclassified","No HD Involvement","2026-08-24"
"<a href = ""https://simpler.grants.gov/opportunity/c01ad57e-de58-4431-a31c-5762fb49578a"" target = ""_blank"">PAR-25-215</a>","PAR","Career Transition Award for NINDS Intramural Clinician-Scientists (K22 Clinical Trial Not Allowed)",2024-12-02,2027-11-12,"Posted","Unclassified","No HD Involvement","2026-08-24"
"<a href = ""https://simpler.grants.gov/opportunity/e9a7ae57-c282-4c65-b076-9f63f0e7edb4"" target = ""_blank"">PAR-25-216</a>","PAR","Career Transition Award for NINDS Intramural Clinician-Scientists (K22 Clinical Trial Required)",2024-12-02,2027-11-12,"Posted","Unclassified","No HD Involvement","2026-08-24"
"<a href = ""https://simpler.grants.gov/opportunity/72c16e90-9e1f-4fa0-8d67-db0423301955"" target = ""_blank"">PAR-25-265</a>","PAR","Innovative Screening Approaches and Therapies for Screenable Disorders in Newborns (R01 - Clinical Trial Optional)",2024-12-02,2027-11-16,"Posted","Pediatrics; Pharmacology & Therapeutics","HD Primary","2026-08-24"
"<a href = ""https://simpler.grants.gov/opportunity/f2962c5c-c50f-441d-b0c3-7a5aedbf597d"" target = ""_blank"">PAR-25-266</a>","PAR","Innovative Screening Approaches and Therapies for Screenable Disorders in Newborns (R21 - Clinical Trial Optional)",2024-12-02,2027-11-16,"Posted","Pediatrics; Pharmacology & Therapeutics","HD Primary","2026-08-24"
"<a href = ""https://simpler.grants.gov/opportunity/a84630f2-9d3d-4a26-a95f-e716b804bf89"" target = ""_blank"">PAR-25-269</a>","PAR","NCCIH Natural Product Early Phase Clinical Trial Phased Innovation Award (R61/R33 Clinical Trial Required)",2024-12-02,2026-11-13,"Posted","Pharmacology & Therapeutics","No HD Involvement","2026-08-24"
"<a href = ""https://simpler.grants.gov/opportunity/89a07b27-f689-431c-87e4-85a217971976"" target = ""_blank"">PAR-25-270</a>","PAR","NCCIH Natural Product Early Phase Clinical Trial Award (R33 Clinical Trial Required)",2024-12-02,2026-11-13,"Posted","Unclassified","No HD Involvement","2026-08-24"
"<a href = ""https://simpler.grants.gov/opportunity/99cd70d1-05f4-49dc-b577-eaba13ac8b18"" target = ""_blank"">PAR-25-271</a>","PAR","NCCIH Natural Product Mid Phase Clinical Trial (R01 Clinical Trial Required)",2024-12-02,2026-11-13,"Posted","Unclassified","No HD Involvement","2026-08-24"
"<a href = ""https://simpler.grants.gov/opportunity/ce54243b-175d-46c8-aeed-d05ce47f7f78"" target = ""_blank"">PA-25-163</a>","PA","Alcohol Treatment, Pharmacotherapy, and Recovery Research (R01 Clinical Trial Required)",2024-11-27,2026-09-07,"Posted","Pharmacology & Therapeutics","No HD Involvement","2026-08-24"
"<a href = ""https://simpler.grants.gov/opportunity/94d232cd-72e1-44e7-990d-05db50d7699b"" target = ""_blank"">PA-25-245</a>","PA","Alcohol Health Services Research (R01 Clinical Trial Optional)",2024-11-27,2026-09-07,"Posted","Unclassified","No HD Involvement","2026-08-24"
"<a href = ""https://simpler.grants.gov/opportunity/5a261f15-b37c-4487-8c7b-044adcb22e1f"" target = ""_blank"">PAR-25-192</a>","PAR","Alcohol Health Services Research (R34 Clinical Trial Optional)",2024-11-27,2026-09-07,"Posted","Unclassified","No HD Involvement","2026-08-24"
"<a href = ""https://simpler.grants.gov/opportunity/54f346cd-f51a-4e91-a987-690f16b1a464"" target = ""_blank"">PAR-25-193</a>","PAR","Alcohol Treatment, Pharmacotherapy, and Recovery Research (R34 Clinical Trial required)",2024-11-27,2026-09-07,"Posted","Pharmacology & Therapeutics","No HD Involvement","2026-08-24"
"<a href = ""https://simpler.grants.gov/opportunity/0c04af5a-83ce-4fe5-a8fb-a7399f78e6d6"" target = ""_blank"">PAR-25-177</a>","PAR","Full-Scale Hybrid Effectiveness-Implementation Trials for Mental Health Interventions (R01 - Clinical Trial Required)",2024-11-26,2027-10-15,"Posted","Pharmacology & Therapeutics","No HD Involvement","2026-08-24"
"<a href = ""https://simpler.grants.gov/opportunity/b8708107-b111-4a75-a6b2-7189a2e15538"" target = ""_blank"">PAR-25-178</a>","PAR","Pilot Hybrid Effectiveness-Implementation Trials for Mental Health Interventions (R01  Clinical Trial Required)",2024-11-26,2027-10-15,"Posted","Pharmacology & Therapeutics","No HD Involvement","2026-08-24"
"<a href = ""https://simpler.grants.gov/opportunity/f570f767-ac1d-4ce4-975a-c32403e028e1"" target = ""_blank"">PAR-25-179</a>","PAR","Confirmatory Efficacy Clinical Trials of Non-Pharmacological and Pharmacological Interventions for Mental Disorders (R01 Clinical Trial Required)",2024-11-26,2027-10-15,"Posted","Pediatrics; Pharmacology & Therapeutics","No HD Involvement","2026-08-24"
"<a href = ""https://simpler.grants.gov/opportunity/94973af9-6bcf-42f1-b5e6-cc2288b9b4de"" target = ""_blank"">PAR-25-180</a>","PAR","First in Human and Early Stage Clinical Trials of Novel Investigational Drugs or Neuromodulatory Device-based Interventions for Psychiatric Disorders (U01 Clinical Trial Required)",2024-11-26,2027-10-15,"Posted","Pediatrics; Pharmacology & Therapeutics","No HD Involvement","2026-08-24"
"<a href = ""https://simpler.grants.gov/opportunity/0ec44ac6-a28d-4c8d-81f4-f655aba0d96c"" target = ""_blank"">PAR-25-181</a>","PAR","Development of Psychosocial Therapeutic and Preventive Interventions for Mental Disorders (R33 Clinical Trial Required)",2024-11-26,2027-10-15,"Posted","Pharmacology & Therapeutics","No HD Involvement","2026-08-24"
"<a href = ""https://simpler.grants.gov/opportunity/54f918aa-7f7a-4288-a918-ab0dfdb4aea6"" target = ""_blank"">PAR-25-182</a>","PAR","Development of Psychosocial Therapeutic and Preventive Interventions for Mental Disorders (R61/R33 Clinical Trial Required)",2024-11-26,2027-10-15,"Posted","Pharmacology & Therapeutics","No HD Involvement","2026-08-24"
"<a href = ""https://simpler.grants.gov/opportunity/1ddea6e1-5241-4cb4-819a-a3c6f7f9510e"" target = ""_blank"">PAR-25-183</a>","PAR","Early Stage Testing of Pharmacologic or Neuromodulatory Device-based Interventions for the Treatment of Mental Disorders (R33- Clinical Trial Required)",2024-11-26,2027-10-15,"Posted","Pharmacology & Therapeutics","No HD Involvement","2026-08-24"
"<a href = ""https://simpler.grants.gov/opportunity/5e20d263-9eee-432b-bbfe-ba53e73b13da"" target = ""_blank"">PAR-25-184</a>","PAR","Early Stage Testing of Pharmacologic or Neuromodulatory Device-based Interventions for the Treatment of Mental Disorders (R61/R33 Clinical Trial Required)",2024-11-26,2027-10-15,"Posted","Pharmacology & Therapeutics","No HD Involvement","2026-08-24"
"<a href = ""https://simpler.grants.gov/opportunity/c60789ce-21db-4ba1-9cb1-ef7f670c1957"" target = ""_blank"">PAR-25-285</a>","PAR","Effectiveness Trials to Test Mental Health System Interventions (R61/R33 Clinical Trial Required)",2024-11-26,2027-10-15,"Posted","Pediatrics","No HD Involvement","2026-08-24"
"<a href = ""https://simpler.grants.gov/opportunity/637a8204-317d-41ff-9424-7790e8f205e5"" target = ""_blank"">PAR-25-158</a>","PAR","Prevention and Intervention Approaches for Fetal Alcohol Spectrum Disorders (R61/R33 Clinical Trial Optional)",2024-11-25,2026-11-17,"Posted","Pregnancy & Lactation","No HD Involvement","2026-08-24"
"<a href = ""https://simpler.grants.gov/opportunity/a7d210c3-a31d-4c04-a39e-6b5206dc858f"" target = ""_blank"">PAR-25-159</a>","PAR","Prevention and Intervention Approaches for Fetal Alcohol Spectrum Disorders (R34 Clinical Trial Optional)",2024-11-25,2027-01-07,"Posted","Pregnancy & Lactation","No HD Involvement","2026-08-24"
"<a href = ""https://simpler.grants.gov/opportunity/0417c296-308c-43ab-aebb-6be71b75ae0c"" target = ""_blank"">PAR-25-272</a>","PAR","New Approaches for Measuring Brain Changes Across Longer Timespans (R21 Clinical Trial Optional)",2024-11-25,2027-05-07,"Posted","Pharmacology & Therapeutics","HD Secondary","2026-08-24"
"<a href = ""https://simpler.grants.gov/opportunity/6ec9450d-7683-4f5d-87b1-069b65a7e8ca"" target = ""_blank"">PAR-25-279</a>","PAR","New Approaches for Measuring Brain Changes Across Longer Timespans (R01 Clinical Trial Optional)",2024-11-25,2027-05-07,"Posted","Pharmacology & Therapeutics","HD Secondary","2026-08-24"
"<a href = ""https://simpler.grants.gov/opportunity/1352d10d-0bd9-4288-8c31-d540b962174b"" target = ""_blank"">PAR-25-288</a>","PAR","Navigator Emergency Department Diversion Models for Non-Urgent Mental Health Concerns (R34 Clinical Trial Required)",2024-11-25,2028-01-07,"Posted","Unclassified","No HD Involvement","2026-08-24"
"<a href = ""https://simpler.grants.gov/opportunity/99c292e3-156e-4e6c-9eab-09f1cec4ebe1"" target = ""_blank"">PAR-25-289</a>","PAR","Navigator Emergency Department Diversion Models for Non-Urgent Mental Health Concerns (R01 Clinical Trial Required)",2024-11-25,2028-01-07,"Posted","Unclassified","No HD Involvement","2026-08-24"
"<a href = ""https://simpler.grants.gov/opportunity/c72602c1-8777-4f1f-b2b7-6138dfd7fe36"" target = ""_blank"">PAR-25-292</a>","PAR","The Role of Work in Health Disparities in the U.S. (R01 Clinical Trials Optional)",2024-11-25,2028-01-07,"Posted","Unclassified","No HD Involvement","2026-08-24"
"<a href = ""https://simpler.grants.gov/opportunity/274b2914-f34a-4663-8892-8567b7b2fb75"" target = ""_blank"">PAR-25-226</a>","PAR","Seamless Early-Stage Clinical Drug Development (Phase 1 to 2a) for Novel therapeutic Agents for the Spectrum of Alzheimer's Disease (AD) and AD-related Dementias (ADRD) (UG3/UH3 Clinical Trial Required)",2024-11-22,2026-11-19,"Posted","Pharmacology & Therapeutics","No HD Involvement","2026-08-24"
"<a href = ""https://simpler.grants.gov/opportunity/2535c6aa-2e20-495b-9a25-5deabefc9f21"" target = ""_blank"">PAR-25-281</a>","PAR","Mood and Psychosis Symptoms during the Menopause Transition (R01 Clinical Trial Optional)",2024-11-22,2028-01-07,"Posted","Reproductive Health","No HD Involvement","2026-08-24"
"<a href = ""https://simpler.grants.gov/opportunity/9e356693-4109-428d-82ca-d7d5577a06dc"" target = ""_blank"">PAR-25-282</a>","PAR","Mood and Psychosis Symptoms during the Menopause Transition (R21 Clinical Trial Optional)",2024-11-22,2028-01-07,"Posted","Reproductive Health","No HD Involvement","2026-08-24"
"<a href = ""https://simpler.grants.gov/opportunity/a5372826-8453-46de-8c64-5dd80e9da434"" target = ""_blank"">PAR-25-290</a>","PAR","Utilizing Invasive Recording and Stimulating Opportunities in Humans to Advance Neural Circuitry Understanding of Mental Health Disorders (R01 Clinical Trial Optional)",2024-11-22,2028-01-07,"Posted","Pharmacology & Therapeutics","No HD Involvement","2026-08-24"
"<a href = ""https://simpler.grants.gov/opportunity/150fab00-17e1-48c3-9898-3310f1fa4786"" target = ""_blank"">PAR-25-291</a>","PAR","Utilizing Invasive Recording and Stimulating Opportunities in Humans to Advance Neural Circuitry Understanding of Mental Health Disorders (R21 Clinical Trial Optional)",2024-11-22,2028-01-07,"Posted","Pharmacology & Therapeutics","No HD Involvement","2026-08-24"
"<a href = ""https://simpler.grants.gov/opportunity/f0cca160-90c7-4d7b-97ff-b1c35d3733ad"" target = ""_blank"">RFA-HL-26-016</a>","RFA","Catalyze: Enabling Technologies and Transformative Platforms for HLBS Research (R33 - Clinical Trials Not Allowed)",2024-11-22,2027-12-23,"Posted","Pharmacology & Therapeutics","No HD Involvement","2026-08-24"
"<a href = ""https://simpler.grants.gov/opportunity/236f5081-4961-446a-ab89-945c7ad717dc"" target = ""_blank"">RFA-HL-26-017</a>","RFA","Catalyze: Product Definition for Small Molecules, Biologics and Combination Products - Target Identification and Validation, and Preliminary Product/Lead Series Identification (R61/R33  Clinical Trials Not Allowed)",2024-11-22,2027-12-23,"Posted","Pharmacology & Therapeutics","No HD Involvement","2026-08-24"
"<a href = ""https://simpler.grants.gov/opportunity/c4dcba1f-96ec-4594-9b3a-e5b844ba7236"" target = ""_blank"">RFA-HL-26-018</a>","RFA","Catalyze: Product Definition for Small Molecules, Biologics, and Combination Products - Preliminary Product/Lead Series Identification and Combination Product Prototype (R33 - Clinical Trial Not Allowed)",2024-11-22,2027-12-23,"Posted","Pharmacology & Therapeutics","No HD Involvement","2026-08-24"
"<a href = ""https://simpler.grants.gov/opportunity/b2b577a9-12ef-4005-b962-2d3922b922bf"" target = ""_blank"">RFA-HL-26-019</a>","RFA","Catalyze Product Definition  Medical Device prototype design/testing and disease target identification and assay development (R61/R33 - Clinical Trial Not Allowed)",2024-11-22,2027-12-23,"Posted","Pharmacology & Therapeutics","No HD Involvement","2026-08-24"
"<a href = ""https://simpler.grants.gov/opportunity/f0b6f88d-7241-42c5-ae81-ffff4c01f04e"" target = ""_blank"">RFA-HL-26-020</a>","RFA","Catalyze: Product Definition  Medical Device Prototype Optimization (R33 - Clinical Trial Not Allowed)",2024-11-22,2027-12-23,"Posted","Pharmacology & Therapeutics","No HD Involvement","2026-08-24"
"<a href = ""https://simpler.grants.gov/opportunity/b0ee3f1a-589d-46e6-8447-74d6a4b9c2ef"" target = ""_blank"">PAR-25-148</a>","PAR","Academic Research Enhancement Award (AREA) for Undergraduate-Focused Institutions (R15 Clinical Trial Required)",2024-11-21,2028-01-07,"Posted","Unclassified","HD Secondary","2026-08-24"
"<a href = ""https://simpler.grants.gov/opportunity/8ae80981-8f34-48e1-9a75-c7ca81553ce7"" target = ""_blank"">PAR-25-235</a>","PAR","Personal Health Informatics for Delivering Actionable Insights to Individuals (R01 Clinical Trial Optional)",2024-11-21,2027-01-07,"Posted","Unclassified","No HD Involvement","2026-08-24"
"<a href = ""https://simpler.grants.gov/opportunity/2ce00c65-6a64-4598-8adf-11920c911975"" target = ""_blank"">PAR-25-248</a>","PAR","Utilizing the PLCO Biospecimens Resource to Bridge Gaps in Cancer Etiology and Early Detection Research (U01 Clinical Trial Not Allowed)",2024-11-21,2027-10-08,"Posted","Reproductive Health","No HD Involvement","2026-08-24"
"<a href = ""https://simpler.grants.gov/opportunity/a760bf80-264f-4113-95fd-ac4a77c24408"" target = ""_blank"">PAR-25-267</a>","PAR","NCCIH Multi-Site Feasibility Clinical Trials of Mind and Body Interventions (R01 Clinical Trial Required)",2024-11-21,2026-11-17,"Posted","Pharmacology & Therapeutics","No HD Involvement","2026-08-24"
"<a href = ""https://simpler.grants.gov/opportunity/e4e8aa66-546b-4bf7-994e-395c11b8b7cf"" target = ""_blank"">PAR-25-268</a>","PAR","Investigator Initiated Clinical Trials of Complementary and Integrative Interventions Delivered Remotely or via mHealth (R01 Clinical Trial Required)",2024-11-21,2026-11-17,"Posted","Pharmacology & Therapeutics","No HD Involvement","2026-08-24"
"<a href = ""https://simpler.grants.gov/opportunity/df4b024b-1d24-41ad-8e04-be5114c80049"" target = ""_blank"">PAR-25-274</a>","PAR","Feasibility Clinical Trials of Mind and Body Interventions for NCCIH High Priority Research Topics (R34 Clinical Trial Required)",2024-11-21,2026-11-17,"Posted","Pharmacology & Therapeutics","No HD Involvement","2026-08-24"
"<a href = ""https://simpler.grants.gov/opportunity/944cc2fe-ff34-430f-8a21-d34bccd2f5cd"" target = ""_blank"">PAR-25-286</a>","PAR","Neuromodulation/Neurostimulation Device Development for Mental Health Applications (R21 Clinical Trial Not Allowed)",2024-11-21,2028-01-07,"Posted","Pharmacology & Therapeutics","No HD Involvement","2026-08-24"
"<a href = ""https://simpler.grants.gov/opportunity/6b21678a-a356-4171-8b30-5d99dc5b0895"" target = ""_blank"">PAR-25-287</a>","PAR","Neuromodulation/Neurostimulation Device Development for Mental Health Applications (R01 Clinical Trial Not Allowed)",2024-11-21,2028-01-07,"Posted","Pharmacology & Therapeutics","No HD Involvement","2026-08-24"
"<a href = ""https://simpler.grants.gov/opportunity/b18997d8-b1fd-4f6c-95cb-7e7b60dde1fe"" target = ""_blank"">PAR-26-001</a>","PAR","Screening, Brief Intervention and Referral to Treatment or Prevention (SBIRT/P) for alcohol, tobacco, and other drugs (ATOD) use and misuse in adult populations that experience health disparities (R01, Clinical Trial Required)",2024-11-21,2027-05-07,"Posted","Pharmacology & Therapeutics","No HD Involvement","2026-08-24"
"<a href = ""https://simpler.grants.gov/opportunity/5a815c5e-6a8c-4e78-a1f0-df9a527788f4"" target = ""_blank"">PAR-25-052</a>","PAR","NIH StrokeNet Clinical Trials and Biomarker Studies for Stroke Treatment, Recovery, and Prevention (UG3/UH3 Clinical Trial Optional)",2024-11-20,2026-11-19,"Posted","Unclassified","No HD Involvement","2026-08-24"
"<a href = ""https://simpler.grants.gov/opportunity/c67ebf32-1965-4e00-8600-d154e9371ad6"" target = ""_blank"">PAR-25-135</a>","PAR","NCI Pathway to Independence Award (K99/R00  Clinical Trial Not Allowed)",2024-11-20,2027-10-14,"Posted","Unclassified","No HD Involvement","2026-08-24"
"<a href = ""https://simpler.grants.gov/opportunity/3123ee82-9741-44ce-a5b9-08cac5bb1981"" target = ""_blank"">RFA-DA-26-034</a>","RFA","Chemical Countermeasures Research Program (CCRP) Initiative: Basic Research on The Deleterious Effects of Acute Exposure to Ultra-Potent Synthetic (UPS) Opioids (R01 Clinical Trial Not Allowed)",2024-11-20,2027-11-18,"Posted","Unclassified","No HD Involvement","2026-08-24"
"<a href = ""https://simpler.grants.gov/opportunity/50f3efc1-a95b-419c-bd5e-b89edc3dc80c"" target = ""_blank"">PA-25-125</a>","PA","NICHD Small Research Grant Program (R03 Clinical Trial Required)",2024-11-18,2028-01-07,"Posted","Unclassified","HD Primary","2026-08-24"
"<a href = ""https://simpler.grants.gov/opportunity/84de03ab-5e0e-4866-b2c2-ac3eb5791c8b"" target = ""_blank"">PAR-25-037</a>","PAR","Cellular and Molecular Biology of Complex Brain Disorders (R21 Clinical Trial Not Allowed)",2024-11-18,2026-09-07,"Posted","Pharmacology & Therapeutics","No HD Involvement","2026-08-24"
"<a href = ""https://simpler.grants.gov/opportunity/48bdee97-4e5b-4007-adb6-6cec26426118"" target = ""_blank"">PAR-25-038</a>","PAR","Cellular and Molecular Biology of Complex Brain Disorders (R01 Clinical Trial Not Allowed)",2024-11-18,2026-09-07,"Posted","Pharmacology & Therapeutics","No HD Involvement","2026-08-24"
"<a href = ""https://simpler.grants.gov/opportunity/de8f7648-cc2b-4ab7-aed9-41760ba07f86"" target = ""_blank"">PAR-25-039</a>","PAR","Schizophrenia and related disorders during mid- to late-life (R01 Clinical Trial Optional)",2024-11-18,2026-09-07,"Posted","Unclassified","No HD Involvement","2026-08-24"
"<a href = ""https://simpler.grants.gov/opportunity/b235095c-ec8a-442a-a426-bcf8219c64b0"" target = ""_blank"">PAR-25-040</a>","PAR","Schizophrenia and related disorders during mid- to late-life (R21 Clinical Trial Optional)",2024-11-18,2026-09-07,"Posted","Unclassified","No HD Involvement","2026-08-24"
"<a href = ""https://simpler.grants.gov/opportunity/44c6e7ba-1c3f-4a79-8cf1-6116a1ae062a"" target = ""_blank"">PAR-25-064</a>","PAR","Novel Mechanism Research on Neuropsychiatric Symptoms (NPS) in Alzheimer's Dementia (R21 Clinical Trial Optional)",2024-11-18,2026-09-07,"Posted","Pharmacology & Therapeutics","No HD Involvement","2026-08-24"
"<a href = ""https://simpler.grants.gov/opportunity/c1cd2eff-5a3f-42ee-9f01-547f7cb55686"" target = ""_blank"">PAR-25-065</a>","PAR","Novel Mechanism Research on Neuropsychiatric Symptoms (NPS) in Alzheimer's Dementia (R01 Clinical Trial Optional)",2024-11-18,2026-09-07,"Posted","Pharmacology & Therapeutics","No HD Involvement","2026-08-24"
"<a href = ""https://simpler.grants.gov/opportunity/e05c81f6-a9b8-456e-961e-8f400f854613"" target = ""_blank"">PAR-25-066</a>","PAR","Social disconnection and Suicide Risk in Late Life (R21 Clinical Trial Optional)",2024-11-18,2026-09-07,"Posted","Pharmacology & Therapeutics","No HD Involvement","2026-08-24"
"<a href = ""https://simpler.grants.gov/opportunity/f6c2eb20-da52-437e-a2d9-e3c3a760b07f"" target = ""_blank"">PAR-25-067</a>","PAR","Social disconnection and Suicide Risk in Late Life (R01 Clinical Trial Optional)",2024-11-18,2026-09-07,"Posted","Pharmacology & Therapeutics","No HD Involvement","2026-08-24"
"<a href = ""https://simpler.grants.gov/opportunity/92c259c8-0ced-4420-b023-0e894fd2a0cf"" target = ""_blank"">PAR-25-069</a>","PAR","Mechanisms that Impact Cancer Risk with Use of Incretin Mimetics (R01 Clinical Trial Optional)",2024-11-18,2027-01-07,"Posted","Pharmacology & Therapeutics","No HD Involvement","2026-08-24"
"<a href = ""https://simpler.grants.gov/opportunity/f4d5f64e-0b81-4634-b3c1-9993ef53c00c"" target = ""_blank"">PAR-25-070</a>","PAR","Mechanisms that Impact Cancer Risk with Use of Incretin Mimetics (R21 Clinical Trial Not Allowed)",2024-11-18,2027-01-07,"Posted","Pharmacology & Therapeutics","No HD Involvement","2026-08-24"
"<a href = ""https://simpler.grants.gov/opportunity/72610d49-3969-4f3f-8018-48f186c2c4dc"" target = ""_blank"">PAR-25-095</a>","PAR","Secondary Analysis and Integration of Existing Data to Elucidate Cancer Risk and Related Outcomes (R01 Clinical Trial Not Allowed)",2024-11-18,2026-11-06,"Posted","Unclassified","No HD Involvement","2026-08-24"
"<a href = ""https://simpler.grants.gov/opportunity/0d59ca36-277e-4d09-bb8b-d5eee79641f6"" target = ""_blank"">PAR-25-096</a>","PAR","Secondary Analysis and Integration of Existing Data to Elucidate Cancer Risk and Related Outcomes (R21 Clinical Trials Not Allowed)",2024-11-18,2026-11-17,"Posted","Unclassified","No HD Involvement","2026-08-24"
"<a href = ""https://simpler.grants.gov/opportunity/7dee3c60-acc9-4110-a5c3-10b962b4a591"" target = ""_blank"">PAR-25-105</a>","PAR","NIDCR Small Grant Program for New Investigators (R03 Clinical Trial Not Allowed)",2024-11-18,2028-01-07,"Posted","Unclassified","No HD Involvement","2026-08-24"
"<a href = ""https://simpler.grants.gov/opportunity/ce7b2eb1-fb49-4460-81ea-04064394eaf4"" target = ""_blank"">PAR-25-112</a>","PAR","Advancement and Innovation in Measurement of Language Development and Predictors (R01 Clinical Trial Not Allowed)",2024-11-18,2027-09-07,"Posted","Pediatrics","HD Primary","2026-08-24"
"<a href = ""https://simpler.grants.gov/opportunity/85add0d5-8e02-48d7-b38f-77095c7a8c98"" target = ""_blank"">PAR-25-113</a>","PAR","Advancement and Innovation in Measurement of Language Development and Predictors (R21 Clinical Trial Not Allowed)",2024-11-18,2027-09-07,"Posted","Pediatrics","HD Primary","2026-08-24"
"<a href = ""https://simpler.grants.gov/opportunity/da13f6fa-c132-4963-9339-3c75046c75e8"" target = ""_blank"">PAR-25-124</a>","PAR","NCMRR Early Career Research Award (R03 Clinical Trial Optional)",2024-11-18,2028-01-07,"Posted","Rehabilitation; Pharmacology & Therapeutics","HD Primary","2026-08-24"
"<a href = ""https://simpler.grants.gov/opportunity/b1e82056-6c14-49e9-8a70-d55ebe7bad28"" target = ""_blank"">PAR-25-204</a>","PAR","NIDA Research Education Program for Clinical Researchers and Clinicians (R25 Clinical Trial Not Allowed)",2024-11-18,2026-08-13,"Closed","Unclassified","No HD Involvement","2026-08-24"
"<a href = ""https://simpler.grants.gov/opportunity/3534db2c-f130-4af8-9ef7-48d31c15cff1"" target = ""_blank"">PAR-25-228</a>","PAR","Investigator Initiated Innovation in Computational Genomics and Data Science (R01 Clinical Trial Not Allowed)",2024-11-18,2027-09-07,"Posted","Unclassified","No HD Involvement","2026-08-24"
"<a href = ""https://simpler.grants.gov/opportunity/e6969b26-53d6-4661-8f5e-a2405a9eb8b5"" target = ""_blank"">PAR-25-229</a>","PAR","Investigator Initiated Innovation in Computational Genomics and Data Science (R21 Clinical Trial Not Allowed)",2024-11-18,2027-09-07,"Posted","Unclassified","No HD Involvement","2026-08-24"
"<a href = ""https://simpler.grants.gov/opportunity/b5cded22-b04f-4a83-b907-8121c44a2568"" target = ""_blank"">PAR-25-243</a>","PAR","Basic Research in Cancer Health Disparities (R01 Clinical Trial Not Allowed)",2024-11-18,2028-01-07,"Posted","Unclassified","No HD Involvement","2026-08-24"
"<a href = ""https://simpler.grants.gov/opportunity/12b071b0-5e9c-4e61-99c6-7d31cd409eb8"" target = ""_blank"">PAR-25-244</a>","PAR","Basic Research in Cancer Health Disparities (R21 Clinical Trial Not Allowed)",2024-11-18,2027-11-16,"Posted","Unclassified","No HD Involvement","2026-08-24"
"<a href = ""https://simpler.grants.gov/opportunity/6c418e5b-5ca6-48bf-be5c-ccd0ee67dc8e"" target = ""_blank"">PA-25-168</a>","PA","Ruth L. Kirschstein National Research Service Award (NRSA) Institutional Research Training Grant (Parent T32)",2024-11-15,2028-05-04,"Posted","Unclassified","HD Secondary","2026-08-24"
"<a href = ""https://simpler.grants.gov/opportunity/e7274f1f-6c35-4794-b86f-38504861afbc"" target = ""_blank"">PAR-25-255</a>","PAR","Developing novel theory and methods for understanding the genetic architecture of complex human traits (R01 Clinical Trial Not Allowed)",2024-11-15,2026-11-05,"Posted","Unclassified","No HD Involvement","2026-08-24"
"<a href = ""https://simpler.grants.gov/opportunity/7ab09c50-d4d8-4057-8347-d96c5cbc05cd"" target = ""_blank"">PAR-25-256</a>","PAR","Developing novel theory and methods for understanding the genetic architecture of complex human traits (R21 Clinical Trial Not Allowed)",2024-11-15,2027-01-07,"Posted","Unclassified","No HD Involvement","2026-08-24"
"<a href = ""https://simpler.grants.gov/opportunity/03a6eccc-2913-443a-8b8e-7603a32e2f8d"" target = ""_blank"">PAR-25-273</a>","PAR","Development of Animal Models and Related Biological Materials for Research (R21 Clinical Trial Not Allowed)",2024-11-15,2028-01-07,"Posted","Pharmacology & Therapeutics","No HD Involvement","2026-08-24"
"<a href = ""https://simpler.grants.gov/opportunity/50071472-0dd1-45a4-bcb7-34b4b1a84bd0"" target = ""_blank"">RFA-MH-26-170</a>","RFA","BRAIN Initiative: Development and Validation of Novel Tools to Probe Cell-Specific and Circuit-Specific Processes in the Brain (R01 Clinical Trial Not Allowed)",2024-11-15,2027-02-08,"Posted","Pharmacology & Therapeutics","HD Secondary","2026-08-24"
"<a href = ""https://simpler.grants.gov/opportunity/fb47cb63-0f59-4d4f-8b60-2f6be3fb0f17"" target = ""_blank"">PAR-25-203</a>","PAR","Focused Technology Research and Development (R01 Clinical Trial Not Allowed)",2024-11-14,2028-01-07,"Posted","Pharmacology & Therapeutics","No HD Involvement","2026-08-24"
"<a href = ""https://simpler.grants.gov/opportunity/f24f86a5-7d6b-467e-a97f-c5ef8e043c5c"" target = ""_blank"">RFA-ES-25-002</a>","RFA","Environmental Health Sciences Core Centers Program (P30 Clinical Trials Optional)",2024-11-14,2027-04-20,"Posted","Unclassified","No HD Involvement","2026-08-24"
"<a href = ""https://simpler.grants.gov/opportunity/de984d54-e7f4-4da6-a553-8509070c43f9"" target = ""_blank"">PA-25-253</a>","PA","Exploratory Grants in Cancer Control (R21 Clinical Trial Optional)",2024-11-12,2028-09-07,"Posted","Unclassified","No HD Involvement","2026-08-24"
"<a href = ""https://simpler.grants.gov/opportunity/2d0c0c90-ea80-446a-ad64-0d479b867e2c"" target = ""_blank"">PAR-25-027</a>","PAR","NIDCR Dentist Scientist Career Transition Award for Intramural Investigators (K22 Clinical Trial Not Allowed)",2024-11-12,2028-01-07,"Posted","Unclassified","No HD Involvement","2026-08-24"
"<a href = ""https://simpler.grants.gov/opportunity/34cbae0e-4ffc-46c2-bf39-c511547905a1"" target = ""_blank"">PAR-25-081</a>","PAR","National Cancer Institute's Investigator-Initiated Early Phase Clinical Trials for Cancer Treatment and Diagnosis (R01 Clinical Trial Required)",2024-11-12,2027-01-07,"Posted","Pharmacology & Therapeutics","No HD Involvement","2026-08-24"
"<a href = ""https://simpler.grants.gov/opportunity/9b99689b-52c2-4134-8d19-313963a8b2b4"" target = ""_blank"">PAR-25-167</a>","PAR","Cancer Prevention and Control Clinical Trials Grant Program (R01 Clinical Trial Required)",2024-11-12,2027-01-07,"Posted","Unclassified","No HD Involvement","2026-08-24"
"<a href = ""https://simpler.grants.gov/opportunity/75c1d6c6-6f1e-46c7-84f1-1aaa0fc81bc2"" target = ""_blank"">PA-25-172</a>","PA","Modular R01s in Cancer Control and Population Sciences (R01 Clinical Trial Optional)",2024-11-07,2028-01-07,"Posted","Unclassified","No HD Involvement","2026-08-24"
"<a href = ""https://simpler.grants.gov/opportunity/39082d33-81a4-4136-8e86-aa33bbfc438b"" target = ""_blank"">PAR-25-136</a>","PAR","Laboratories to Optimize Digital Health (R01 Clinical Trial Required)",2024-11-07,2028-01-07,"Posted","Unclassified","No HD Involvement","2026-08-24"
"<a href = ""https://simpler.grants.gov/opportunity/a50f75f9-20ef-4d96-aee7-3b0bdcfdecc9"" target = ""_blank"">PAR-24-306</a>","PAR","Research Projects to Enhance Applicability of Mammalian Models for Translational Research (R01 Clinical Trial Not Allowed)",2024-11-06,2026-09-07,"Posted","Unclassified","No HD Involvement","2026-08-24"
"<a href = ""https://simpler.grants.gov/opportunity/0d6ff094-5630-499b-8ff8-d4f7e8d62d9c"" target = ""_blank"">PAR-24-311</a>","PAR","Molecular Imaging of Inflammation in Cancer (R01 Clinical Trial Not Allowed)",2024-11-06,2028-01-07,"Posted","Unclassified","No HD Involvement","2026-08-24"
"<a href = ""https://simpler.grants.gov/opportunity/9a589956-ee54-442d-805f-3f62d29bf73c"" target = ""_blank"">PAR-24-321</a>","PAR","NIA Academic Leadership Career Award (K07 Independent Clinical Trial Not Allowed)",2024-11-06,2027-11-12,"Posted","Unclassified","No HD Involvement","2026-08-24"
"<a href = ""https://simpler.grants.gov/opportunity/c3e55272-5efb-4f85-995f-780ab5cf9774"" target = ""_blank"">PAR-24-325</a>","PAR","Bioengineering Partnerships with Industry (U01 Clinical Trial Optional)",2024-11-06,2027-09-07,"Posted","Pharmacology & Therapeutics","No HD Involvement","2026-08-24"
"<a href = ""https://simpler.grants.gov/opportunity/6484ed95-0a3e-4be1-bcc4-f1e2bf6f1fa1"" target = ""_blank"">PAR-25-079</a>","PAR","Academic-Industrial Partnerships (AIP) to Translate and Validate In Vivo Imaging Systems (R01 Clinical Trial Optional)",2024-11-06,2027-01-07,"Posted","Pharmacology & Therapeutics","No HD Involvement","2026-08-24"
"<a href = ""https://simpler.grants.gov/opportunity/e77962cd-432d-4ef2-8658-04ebc1a1796d"" target = ""_blank"">PAR-25-145</a>","PAR","Clinical Characterization of Cancer Therapy-induced Adverse Sequelae and Mechanism-based Interventional Strategies (R01 Clinical Trial Optional)",2024-11-06,2028-01-07,"Posted","Pharmacology & Therapeutics","No HD Involvement","2026-08-24"
"<a href = ""https://simpler.grants.gov/opportunity/ddf277ec-eb97-4b7c-8a2b-9a6621cf9b6b"" target = ""_blank"">PAR-25-153</a>","PAR","Assay development and screening for discovery of chemical probes, drugs or immunomodulators (R01 Clinical Trial Not Allowed)",2024-11-06,2026-09-07,"Posted","Pharmacology & Therapeutics","No HD Involvement","2026-08-24"
"<a href = ""https://simpler.grants.gov/opportunity/ee1dd508-9138-4218-b055-8dbd8d2ee4ba"" target = ""_blank"">PAR-25-175</a>","PAR","Integration of Imaging and Fluid-Based Tumor Monitoring in Cancer Therapy (R01 Clinical Trial Optional)",2024-11-06,2028-01-07,"Posted","Unclassified","No HD Involvement","2026-08-24"
"<a href = ""https://simpler.grants.gov/opportunity/e56b9ac3-476c-4951-a799-942e6d6b75cd"" target = ""_blank"">PAR-25-221</a>","PAR","Population Approaches to Reducing Alcohol-related Cancer Risk (R01 Clinical Trial Optional)",2024-11-06,2027-01-07,"Posted","Unclassified","No HD Involvement","2026-08-24"
"<a href = ""https://simpler.grants.gov/opportunity/e9c27c69-7360-4e0f-beb5-7ef69876f00c"" target = ""_blank"">PAR-25-227</a>","PAR","Natural History of Disorders Screenable in the Newborn Period (R01 Clinical Trial Optional)",2024-11-06,2028-01-07,"Posted","Pediatrics","HD Primary","2026-08-24"
"<a href = ""https://simpler.grants.gov/opportunity/492cacb7-4928-4c3e-a5de-f9fe1b2f1e15"" target = ""_blank"">PAS-25-205</a>","PAR","Stimulating Hematology Investigation: New Endeavors (SHINE) (R01 Clinical Trial Not Allowed)",2024-11-06,2028-01-06,"Posted","Unclassified","No HD Involvement","2026-08-24"
"<a href = ""https://simpler.grants.gov/opportunity/830a45d7-9fd9-4000-bef1-4ec4e813664b"" target = ""_blank"">PAR-25-103</a>","PAR","Cancer Prevention and Control Clinical Trials Planning Grant Program (U34 Clinical Trials Optional)",2024-11-05,2027-10-25,"Posted","Unclassified","No HD Involvement","2026-08-24"
"<a href = ""https://simpler.grants.gov/opportunity/f2a0e432-aac6-4caf-bc3a-a78ca52f4751"" target = ""_blank"">PAR-25-104</a>","PAR","Cancer Prevention and Control Clinical Trials Planning Grant Program (R34 Clinical Trials Optional)",2024-11-05,2027-10-25,"Posted","Unclassified","No HD Involvement","2026-08-24"
"<a href = ""https://simpler.grants.gov/opportunity/79bd256b-e836-4899-86eb-ceaf14042fcc"" target = ""_blank"">RFA-NS-25-021</a>","RFA","BRAIN Initiative:  Next-Generation Devices for Recording and Modulation in the Human Central Nervous System (UG3/UH3 Clinical Trial Optional)",2024-11-05,2026-09-28,"Posted","Pharmacology & Therapeutics","HD Secondary","2026-08-24"
"<a href = ""https://simpler.grants.gov/opportunity/e8fa23e6-e271-4efc-81dd-9237047fde5e"" target = ""_blank"">RFA-NS-25-022</a>","RFA","BRAIN Initiative: Clinical Studies to Advance Next-Generation Devices for Recording and Modulation in the Human Central Nervous System (UH3 Clinical Trial Optional)",2024-11-05,2026-09-28,"Posted","Pharmacology & Therapeutics","HD Secondary","2026-08-24"
"<a href = ""https://simpler.grants.gov/opportunity/0cedc129-ba81-465b-949a-d0cef8465c24"" target = ""_blank"">PAR-25-225</a>","PAR","Innovation Grants to Nurture Initial Translational Efforts (IGNITE): Neurotherapeutic Agent Characterization and In vivo Efficacy Studies (R61/R33 Clinical Trial Not Allowed)",2024-11-04,2027-10-20,"Posted","Pharmacology & Therapeutics","No HD Involvement","2026-08-24"
"<a href = ""https://simpler.grants.gov/opportunity/e451d778-c382-485d-bf3b-b20618a384d5"" target = ""_blank"">PAR-25-077</a>","PAR","CCRP Initiative: NIH Countermeasures Against Chemical Threats (CounterACT) Basic Research on Chemical Threats that Affect the Nervous System (R01 Clinical Trial Not Allowed)",2024-11-01,2026-10-16,"Posted","Pharmacology & Therapeutics","No HD Involvement","2026-08-24"
"<a href = ""https://simpler.grants.gov/opportunity/1380cf9c-4561-45a6-a85d-7866dd308ef0"" target = ""_blank"">PAR-25-143</a>","PAR","Dissemination and Implementation Research in Health (R21 Clinical Trial Optional)",2024-10-31,2028-01-07,"Posted","Unclassified","HD Secondary","2026-08-24"
"<a href = ""https://simpler.grants.gov/opportunity/122005eb-b9d4-4ccc-bfa4-794cac626544"" target = ""_blank"">PAR-25-206</a>","PAR","Pilot Effectiveness Trials for Post-Acute Interventions and Services to Optimize Longer-term Outcomes (R01 Clinical Trial Required)",2024-10-31,2028-01-07,"Posted","Pharmacology & Therapeutics","No HD Involvement","2026-08-24"
"<a href = ""https://simpler.grants.gov/opportunity/e1dcb919-4710-49c3-9263-4849a1e8a507"" target = ""_blank"">PAR-25-207</a>","PAR","Effectiveness Trials for Post-Acute Interventions and Services to Optimize Longer-term Outcomes (R01 Clinical Trial Required)",2024-10-31,2028-01-07,"Posted","Pediatrics; Pharmacology & Therapeutics","No HD Involvement","2026-08-24"
"<a href = ""https://simpler.grants.gov/opportunity/424190a4-2eb4-4b7c-8b8f-46b92bdee5fc"" target = ""_blank"">PAR-25-210</a>","PAR","Enhancing Mechanistic Research on Precision Probiotic Therapies (R33 Clinical Trial Optional)",2024-10-31,2027-06-02,"Posted","Unclassified","No HD Involvement","2026-08-24"
"<a href = ""https://simpler.grants.gov/opportunity/eb435a48-9193-4424-bbe9-6ab11e6683ee"" target = ""_blank"">PAR-25-211</a>","PAR","Enhancing Mechanistic Research on Precision Probiotic Therapies (R61/R33 Clinical Trial Optional)",2024-10-31,2027-06-02,"Posted","Unclassified","No HD Involvement","2026-08-24"
"<a href = ""https://simpler.grants.gov/opportunity/70263e11-944c-4395-b181-b937a0f57734"" target = ""_blank"">PAR-24-268</a>","PAR","Biomedical Research Environment and Sponsored Programs Administration Development (BRE-SPAD) Program (UC2- Clinical Trial Not Allowed)",2024-10-30,2027-01-27,"Posted","Unclassified","No HD Involvement","2026-08-24"
"<a href = ""https://simpler.grants.gov/opportunity/06339d3e-1543-4697-a7ed-345670f2bc0a"" target = ""_blank"">PAR-25-185</a>","PAR","Screening and Functional Validation of Genomic Variants Associated with Human Congenital Anomalies (R01 Clinical Trial Not Allowed)",2024-10-30,2028-01-07,"Posted","Developmental Biology; Pediatrics; Pharmacology & Therapeutics","HD Secondary","2026-08-24"
"<a href = ""https://simpler.grants.gov/opportunity/04cf4e58-5a89-47a9-b4c7-a1388edac495"" target = ""_blank"">PAR-25-233</a>","PAR","Dissemination and Implementation Research in Health (R03 Clinical Trial Not Allowed)",2024-10-30,2028-01-07,"Posted","Unclassified","HD Secondary","2026-08-24"
"<a href = ""https://simpler.grants.gov/opportunity/91f345f9-d1cc-4d70-b752-f66de49e0f6f"" target = ""_blank"">PAR-25-053</a>","PAR","Translational Neural Devices (R61/R33 - Clinical Trial Optional)",2024-10-29,2027-01-28,"Posted","Pharmacology & Therapeutics","No HD Involvement","2026-08-24"
"<a href = ""https://simpler.grants.gov/opportunity/bb697296-f13f-454c-bf67-a7a0077da134"" target = ""_blank"">PAR-25-131</a>","PAR","Computational Approaches to Curation at Scale for Biomedical Research Assets (R01 Clinical Trial Not Allowed)",2024-10-29,2027-04-15,"Posted","Unclassified","No HD Involvement","2026-08-24"
"<a href = ""https://simpler.grants.gov/opportunity/1fd3d671-8469-40ac-bbd6-adac625cf082"" target = ""_blank"">PAR-25-144</a>","PAR","Dissemination and Implementation Research in Health (R01 Clinical Trial Optional)",2024-10-29,2028-01-07,"Posted","Unclassified","HD Secondary","2026-08-24"
"<a href = ""https://simpler.grants.gov/opportunity/0fe65ef7-422a-4388-bb0b-b7f25e74fd7a"" target = ""_blank"">PAR-25-024</a>","PAR","Development of Biomarkers or Composite Biomarkers for Neurological and Neuromuscular Disorders (R61/R33 - Clinical Trial Optional)",2024-10-28,2028-01-07,"Posted","Pharmacology & Therapeutics","No HD Involvement","2026-08-24"
"<a href = ""https://simpler.grants.gov/opportunity/80ed650a-d7bf-413c-b122-95c1fa1a8bde"" target = ""_blank"">PAR-25-122</a>","PAR","Pilot Projects Investigating Understudied Proteins Associated with Rare Diseases (R03 Clinical Trial Not Allowed)",2024-10-28,2027-11-16,"Posted","Pharmacology & Therapeutics","No HD Involvement","2026-08-24"
"<a href = ""https://simpler.grants.gov/opportunity/5fc752ac-cdc0-43d4-b57d-940045f472c6"" target = ""_blank"">PAR-25-149</a>","PAR","Limited Competition: Renewal of Existing NINDS-Supported Clinical Trial Cooperative Agreement Awards (U01 - Clinical Trials Required)",2024-10-28,2027-11-05,"Posted","Unclassified","No HD Involvement","2026-08-24"
"<a href = ""https://simpler.grants.gov/opportunity/cbe89638-50f8-4505-95c7-8b8e565be499"" target = ""_blank"">PAR-25-057</a>","PAR","NIDCR Drug, Biologic, Device and/or Procedure Intervention Clinical Trial Planning and Implementation Cooperative Agreement (UG3/UH3 Clinical Trial Required)",2024-10-23,2028-01-06,"Posted","Pharmacology & Therapeutics","No HD Involvement","2026-08-24"
"<a href = ""https://simpler.grants.gov/opportunity/b2df416d-b6cd-4412-bb34-6984d8a9f8b4"" target = ""_blank"">RFA-MH-26-140</a>","RFA","BRAIN Initiative: Brain Behavior Quantification and Synchronization- Next Generation Sensor Technology Development (U01 Clinical Trial Optional)",2024-10-23,2027-06-15,"Posted","Pharmacology & Therapeutics","HD Secondary","2026-08-24"
"<a href = ""https://simpler.grants.gov/opportunity/671882c4-21d8-491e-aab2-68ebd6f03d85"" target = ""_blank"">PAR-25-059</a>","PAR","Innovation Grants to Nurture Initial Translational Efforts (IGNITE): Assay Development and Neurotherapeutic Agent Identification (R61/R33 Clinical Trial Not Allowed)",2024-10-22,2027-10-20,"Posted","Pharmacology & Therapeutics","No HD Involvement","2026-08-24"
"<a href = ""https://simpler.grants.gov/opportunity/5ed4cdfe-bc42-4ccb-b082-b0f0b4002bac"" target = ""_blank"">PAR-25-060</a>","PAR","Innovation Grants to Nurture Initial Translational Efforts (IGNITE):  Development and Validation of Model Systems to Facilitate Neurotherapeutic Discovery (R61/R33 Clinical Trial Not Allowed)",2024-10-22,2027-10-20,"Posted","Pharmacology & Therapeutics","No HD Involvement","2026-08-24"
"<a href = ""https://simpler.grants.gov/opportunity/2e83730e-3522-4121-9f74-d74cf08062b6"" target = ""_blank"">PAR-25-120</a>","PAR","NIDCD Early Career Research(ECR) Award (R21 Clinical Trial Optional)",2024-10-18,2027-10-15,"Posted","Pharmacology & Therapeutics","No HD Involvement","2026-08-24"
"<a href = ""https://simpler.grants.gov/opportunity/ab679839-efe7-4a8a-b172-a42c5793a160"" target = ""_blank"">PAR-24-295</a>","PAR","Emerging Global Leader Award (K43 Independent Clinical Trial Required)",2024-10-15,2026-12-03,"Posted","Unclassified","No HD Involvement","2026-08-24"
"<a href = ""https://simpler.grants.gov/opportunity/36ef084c-de7b-4a08-987a-347a2e8e1dc0"" target = ""_blank"">PAR-24-296</a>","PAR","Emerging Global Leader Award (K43 Independent Clinical Trial Not Allowed)",2024-10-15,2026-12-03,"Posted","Unclassified","No HD Involvement","2026-08-24"
"<a href = ""https://simpler.grants.gov/opportunity/4941baf4-d478-46ed-a4b6-9e50e42502d5"" target = ""_blank"">PAR-25-074</a>","PAR","Assay Validation of High Quality Markers for Clinical Studies in Cancer (UH2/UH3 Clinical Trial Not Allowed)",2024-10-15,2026-10-14,"Posted","Pharmacology & Therapeutics","No HD Involvement","2026-08-24"
"<a href = ""https://simpler.grants.gov/opportunity/0c66a0ce-e7b2-44ff-b1f0-914922e1166e"" target = ""_blank"">PAR-25-075</a>","PAR","Assay Validation of High Quality Markers for Clinical Studies in Cancer (UH3 Clinical Trials Not Allowed)",2024-10-15,2026-10-14,"Posted","Pharmacology & Therapeutics","No HD Involvement","2026-08-24"
"<a href = ""https://simpler.grants.gov/opportunity/41ef239d-a75a-478c-b11f-1e28d996a8af"" target = ""_blank"">PAR-24-304</a>","PAR","Revision Applications for Validation of Biomarker Assays Developed Through NIH-Supported Research Grants (R01 Clinical Trial Not Allowed)",2024-10-10,2026-10-14,"Posted","Pharmacology & Therapeutics","No HD Involvement","2026-08-24"
"<a href = ""https://simpler.grants.gov/opportunity/84fa78c0-46b1-4007-8d53-928d450961dc"" target = ""_blank"">PAR-25-062</a>","PAR","Continuation or Revision of NIDCR Clinical Trial Planning and Implementation Cooperative Agreement (UH3 Clinical Trial Required)",2024-10-10,2028-01-06,"Posted","Unclassified","No HD Involvement","2026-08-24"
"<a href = ""https://simpler.grants.gov/opportunity/3373f830-2c05-4b96-b486-14282c4787f1"" target = ""_blank"">PAR-25-098</a>","PAR","Interventions to expand cancer screening and preventive services to ADVANCE health in populations that experience health disparities (R01, Clinical Trial Required)",2024-10-10,2027-01-07,"Posted","Unclassified","No HD Involvement","2026-08-24"
"<a href = ""https://simpler.grants.gov/opportunity/5c44abb7-fd43-49f2-b7fa-50f90187812d"" target = ""_blank"">PA-25-093</a>","PA","Limited Competition: CCRP Initiative: Promoting a Basic Understanding of Chemical Threats to Skin (R34 Clinical Trial Not Allowed)",2024-10-04,2028-01-07,"Posted","Pharmacology & Therapeutics","No HD Involvement","2026-08-24"
"<a href = ""https://simpler.grants.gov/opportunity/4f1ce8e3-89e0-40a1-85fb-013a60630300"" target = ""_blank"">PAR-25-020</a>","PAR","Research Experiences and/or Mentoring Networks through Research Education to Enhance Clinician-Scientists' Participation in NIDCDs Research (R25 Clinical Trial Not Allowed)",2024-10-02,2027-09-29,"Posted","Unclassified","No HD Involvement","2026-08-24"
"<a href = ""https://simpler.grants.gov/opportunity/e101a9db-4cd3-4a31-936d-be3ebd1bfd5d"" target = ""_blank"">PA-25-080</a>","PA","NIH Support for Conferences and Scientific Meetings (Parent R13 Clinical Trial Not Allowed)",2024-10-01,2027-09-07,"Posted","Unclassified","No HD Involvement","2026-08-24"
"<a href = ""https://simpler.grants.gov/opportunity/d197a1f8-5a9a-4b17-a2e1-2d73b3ba7850"" target = ""_blank"">PAR-24-293</a>","PAR","Blueprint Neurotherapeutics Network (BPN): Biologic-based Drug Discovery and Development for Disorders of the Nervous System (UG3/UH3 Clinical Trial Optional)",2024-10-01,2027-08-18,"Posted","Pharmacology & Therapeutics","No HD Involvement","2026-08-24"
"<a href = ""https://simpler.grants.gov/opportunity/07f98e93-9564-44cf-ab5c-69ca0cfa218f"" target = ""_blank"">PAR-25-051</a>","PAR","Blueprint Neurotherapeutics Network (BPN): Small Molecule Drug Discovery and Development of Disorders of the Nervous System (UG3/UH3 Clinical Trial Optional)",2024-09-25,2026-08-18,"Closed","Pharmacology & Therapeutics","No HD Involvement","2026-08-24"
"<a href = ""https://simpler.grants.gov/opportunity/3c467ec1-a043-43ff-82ec-9aaccaf859d1"" target = ""_blank"">RFA-MH-26-120</a>","RFA","BRAIN Initiative: Reagent Resources for Brain Cell Type-Specific Access to Broaden Distribution of Enabling Technologies for Neuroscience (U24 Clinical Trial Not Allowed)",2024-09-25,2027-06-15,"Posted","Pharmacology & Therapeutics","HD Secondary","2026-08-24"
"<a href = ""https://simpler.grants.gov/opportunity/44b3dd63-bcf2-448c-a690-77656c999cd6"" target = ""_blank"">PAR-24-301</a>","PAR","NICHD Resource Program Grants in Bioinformatics (P41 Clinical Trial Not Allowed)",2024-09-24,2027-09-25,"Posted","Developmental Biology; Pregnancy & Lactation","HD Primary","2026-08-24"
"<a href = ""https://simpler.grants.gov/opportunity/14a56590-38c0-4e5e-8202-117a9297aa35"" target = ""_blank"">RFA-NS-25-023</a>","RFA","HEAL Initiative: Studies to Enable Analgesic Discovery (R61/R33 - Clinical Trial Not Allowed)",2024-09-18,2027-01-15,"Posted","Pharmacology & Therapeutics","HD Secondary","2026-08-24"
"<a href = ""https://simpler.grants.gov/opportunity/d1b2c910-98a6-4d1b-86cc-d358b65f3cdf"" target = ""_blank"">PAR-24-297</a>","PAR","Imaging - Science Track Award for Research Transition (I/START) (R03 Clinical Trial Optional)",2024-09-17,2026-07-29,"Closed","Unclassified","No HD Involvement","2026-08-24"
"<a href = ""https://simpler.grants.gov/opportunity/0ba0103e-9f96-40dd-9dc4-ba6096f45f3f"" target = ""_blank"">PAR-25-043</a>","PAR","Mechanisms that Impact Cancer Risk after Bariatric Surgery (R01 Clinical Trial Optional)",2024-09-05,2028-01-07,"Posted","Unclassified","No HD Involvement","2026-08-24"
"<a href = ""https://simpler.grants.gov/opportunity/65e271b5-fbf5-48d0-8183-a59b1027f78b"" target = ""_blank"">PAR-25-044</a>","PAR","Mechanisms that Impact Cancer Risk after Bariatric Surgery (R21 Clinical Trial Not Allowed)",2024-09-05,2028-01-07,"Posted","Unclassified","No HD Involvement","2026-08-24"
"<a href = ""https://simpler.grants.gov/opportunity/4f906add-a968-4b6d-998f-3affe46f681e"" target = ""_blank"">PAR-24-235</a>","PAR","Tribal Undergraduate to Graduate Research Training and Leadership Experiences (TURTLE) Program (UE5/T32)",2024-09-03,2027-01-25,"Posted","Unclassified","No HD Involvement","2026-08-24"
"<a href = ""https://simpler.grants.gov/opportunity/49015f5d-da01-47dd-908f-147099d9e6de"" target = ""_blank"">PAR-24-236</a>","PAR","Tribal Undergraduate to Graduate Research Training and Leadership Experiences (TURTLE) Program (UE5/T34)",2024-09-03,2027-01-25,"Posted","Unclassified","No HD Involvement","2026-08-24"
"<a href = ""https://simpler.grants.gov/opportunity/8b031432-4455-4e66-9a51-ec41e8d6fa09"" target = ""_blank"">PAR-24-272</a>","PAR","Clinical and Translational Science Award (UM1 Clinical Trial Optional)",2024-09-03,2027-09-28,"Posted","Unclassified","No HD Involvement","2026-08-24"
"<a href = ""https://simpler.grants.gov/opportunity/860b4fea-1a14-41e2-9192-20914548302b"" target = ""_blank"">PAR-24-273</a>","PAR","Advancing Healthcare for Older Adults from Populations that Experience Health Disparities (R01 - Clinical Trial Optional)",2024-08-27,2028-01-07,"Posted","Unclassified","No HD Involvement","2026-08-24"
"<a href = ""https://simpler.grants.gov/opportunity/38cdea15-d733-4596-811b-4cc471eb92ad"" target = ""_blank"">NOT-NS-24-061</a>","UNK","Notice of Intent to Publish a Funding Opportunity Announcement for Morris K. Udall Discovery Centers without Walls (DCWoW) for Parkinson's Disease Research (RM1 - Clinical Trial Optional)",2024-08-26,NA,"Forecasted","Pharmacology & Therapeutics","No HD Involvement","2026-08-24"
"<a href = ""https://simpler.grants.gov/opportunity/0a58aeb3-6d3d-43ed-b3c9-6140500c2c06"" target = ""_blank"">PAR-24-269</a>","PAR","NIDA Animal Genomics Program (U01  Clinical Trial Not Allowed)",2024-08-13,2027-02-11,"Posted","Pregnancy & Lactation; Pharmacology & Therapeutics","No HD Involvement","2026-08-24"
"<a href = ""https://simpler.grants.gov/opportunity/65230579-1858-444e-97ad-677f1168c9b4"" target = ""_blank"">PAR-24-260</a>","PAR","Tribal Institutional Review Board Establishment and Enhancement (TIRBEE) (R24 - Clinical Trial Not Allowed)",2024-08-12,2027-01-27,"Posted","Unclassified","No HD Involvement","2026-08-24"
"<a href = ""https://simpler.grants.gov/opportunity/6c6b94a3-d634-49a4-9060-c6a014480880"" target = ""_blank"">PAR-24-259</a>","PAR","Modern Equipment for Shared-use Biomedical Research Facilities: Advancing Research-Related Operations (S15 Clinical Trial Not Allowed)",2024-08-02,2026-09-25,"Posted","Unclassified","No HD Involvement","2026-08-24"
"<a href = ""https://simpler.grants.gov/opportunity/9527b370-92ef-4470-a3c9-55025d9d7dd4"" target = ""_blank"">RFA-DA-25-024</a>","RFA","High Priority HIV and Substance Use Research (R01 Clinical Trial Optional)",2024-08-02,2027-03-06,"Posted","Pharmacology & Therapeutics","No HD Involvement","2026-08-24"
"<a href = ""https://simpler.grants.gov/opportunity/002d36ed-9901-45b6-a1c4-2642dbf64146"" target = ""_blank"">RFA-OD-24-011</a>","RFA","NIH Research Software Engineer (RSE) Award (R50 Clinical Trials Not Allowed)",2024-07-17,2026-12-04,"Posted","Unclassified","HD Secondary","2026-08-24"
"<a href = ""https://simpler.grants.gov/opportunity/33e2b67d-8b5c-43ab-ba8f-d78990ee8f29"" target = ""_blank"">PAR-24-209</a>","PAR","NHLBI Career Transition Award for Intramural Postdoctoral Fellows and Research Trainees (K22 Independent Clinical Trial Not Allowed)",2024-07-15,2027-07-12,"Posted","Unclassified","No HD Involvement","2026-08-24"
"<a href = ""https://simpler.grants.gov/opportunity/d525c635-fbd4-4490-81d1-dcc147792eff"" target = ""_blank"">PAR-24-211</a>","PAR","NHLBI Career Transition Award for Intramural Postdoctoral Fellows and Research Trainees (K22 Clinical Trial Required)",2024-07-15,2027-07-12,"Posted","Unclassified","No HD Involvement","2026-08-24"
"<a href = ""https://simpler.grants.gov/opportunity/0a466df6-32ae-481f-866a-9b6fb30299c9"" target = ""_blank"">PA-24-253</a>","PA","Successor-in-Interest (Type 6 Parent Clinical Trial Optional)",2024-07-11,2027-07-17,"Posted","Unclassified","HD Secondary","2026-08-24"
"<a href = ""https://simpler.grants.gov/opportunity/e58d2812-d00d-46de-b4eb-97d3f215113f"" target = ""_blank"">PA-24-254</a>","PA","Change of Recipient Organization (Type 7 Parent Clinical Trial Optional)",2024-07-11,2027-07-12,"Posted","Unclassified","HD Secondary","2026-08-24"
"<a href = ""https://simpler.grants.gov/opportunity/f890e3d1-ece3-444b-98b4-8cd4deb9e73d"" target = ""_blank"">RFA-HG-24-026</a>","RFA","Limited Competition: Building Partnerships and Broadening Perspectives to Advance Ethical, Legal, and Social Implications (ELSI) Research (BBAER) Program (UM1), Clinical Trial Optional",2024-07-10,2026-08-02,"Closed","Unclassified","No HD Involvement","2026-08-24"
"<a href = ""https://simpler.grants.gov/opportunity/30ea9a22-7365-4503-8052-498cc211d382"" target = ""_blank"">RFA-CA-24-026</a>","RFA","National Cancer Institute Youth Enjoy Science Research Education Program (R25 Clinical Trial Not Allowed)",2024-07-09,2026-09-28,"Posted","Pediatrics","No HD Involvement","2026-08-24"
"<a href = ""https://simpler.grants.gov/opportunity/58016469-6456-405c-b21d-838af9e3473a"" target = ""_blank"">PAR-24-214</a>","PAR","Academic Research Enhancement Award (AREA) for Undergraduate-Focused Institutions (R15 Clinical Trial Required)",2024-05-08,2027-01-07,"Posted","Unclassified","HD Secondary","2026-08-24"
"<a href = ""https://simpler.grants.gov/opportunity/5aa9cabe-0695-413f-9348-1b6b387e505b"" target = ""_blank"">RFA-HL-26-002</a>","RFA","NHLBI Outstanding Investigator Award (OIA) (R35 Clinical Trial Optional)",2024-04-26,2027-04-28,"Posted","Unclassified","No HD Involvement","2026-08-24"
"<a href = ""https://simpler.grants.gov/opportunity/1af55c6e-2cb2-4c06-9690-1a2069a0f9c2"" target = ""_blank"">RFA-HL-26-003</a>","RFA","NHLBI Emerging Investigator Award (EIA) (R35 Clinical Trial Optional)",2024-04-26,2027-04-28,"Posted","Unclassified","No HD Involvement","2026-08-24"
"<a href = ""https://simpler.grants.gov/opportunity/d75201a7-bce7-44f9-b16a-4aa957fd68d7"" target = ""_blank"">PA-24-187</a>","PA","Midcareer Investigator Award in Patient-Oriented Research (Parent K24 Independent Clinical Trial Required)",2024-04-25,2027-05-07,"Posted","Unclassified","No HD Involvement","2026-08-24"
"<a href = ""https://simpler.grants.gov/opportunity/5332bec1-8e95-4161-b663-fd1f3b5eb506"" target = ""_blank"">PA-24-188</a>","PA","Midcareer Investigator Award in Patient-Oriented Research (Parent K24 Independent Clinical Trial Not Allowed)",2024-04-25,2027-05-07,"Posted","Unclassified","No HD Involvement","2026-08-24"
"<a href = ""https://simpler.grants.gov/opportunity/28685145-3771-46d6-9c2c-94db340ee74f"" target = ""_blank"">PA-24-175</a>","PA","Mentored Research Scientist Development Award (Parent K01 - Independent Clinical Trial Required)",2024-04-24,2027-05-07,"Posted","Unclassified","HD Secondary","2026-08-24"
"<a href = ""https://simpler.grants.gov/opportunity/cb91feb1-23b4-49b7-b8d3-9a8fe626a5b5"" target = ""_blank"">PA-24-176</a>","PA","Mentored Research Scientist Development Award (Parent K01 - Independent Clinical Trial Not Allowed)",2024-04-24,2027-05-07,"Posted","Unclassified","HD Secondary","2026-08-24"
"<a href = ""https://simpler.grants.gov/opportunity/a3c04dfb-d7de-4068-a394-5c445daa61db"" target = ""_blank"">PA-24-178</a>","PA","Independent Scientist Award (Parent K02 - Independent Clinical Trial Required)",2024-04-24,2027-05-07,"Posted","Unclassified","No HD Involvement","2026-08-24"
"<a href = ""https://simpler.grants.gov/opportunity/9f9e47ff-9a7b-4ab5-b55c-fb64273defdd"" target = ""_blank"">PA-24-179</a>","PA","Independent Scientist Award (Parent K02 - Independent Clinical Trial Not Allowed)",2024-04-24,2027-05-07,"Posted","Unclassified","No HD Involvement","2026-08-24"
"<a href = ""https://simpler.grants.gov/opportunity/f9eb8a1d-a0f9-4b35-9552-0ef678ba2587"" target = ""_blank"">PA-24-181</a>","PA","Mentored Clinical Scientist Research Career Development Award (Parent K08  Independent Clinical Trial Required)",2024-04-24,2027-05-08,"Posted","Unclassified","HD Secondary","2026-08-24"
"<a href = ""https://simpler.grants.gov/opportunity/7cf4ba90-dba8-4cfd-bc31-5baeb10bea5f"" target = ""_blank"">PA-24-182</a>","PA","Mentored Clinical Scientist Research Career Development Award (Parent K08  Independent Clinical Trial Not Allowed)",2024-04-24,2027-05-08,"Posted","Unclassified","HD Secondary","2026-08-24"
"<a href = ""https://simpler.grants.gov/opportunity/de903ee7-38f9-47e4-8a95-301edcf7fe46"" target = ""_blank"">PA-24-193</a>","PA","NIH Pathway to Independence Award (Parent K99/R00  Independent Clinical Trial Required)",2024-04-24,2027-05-07,"Posted","Unclassified","HD Secondary","2026-08-24"
"<a href = ""https://simpler.grants.gov/opportunity/71f5944d-49d5-42ec-b3fb-d35a9af3e7f6"" target = ""_blank"">PA-24-194</a>","PA","NIH Pathway to Independence Award (Parent K99/R00  Independent Clinical Trial Not Allowed)",2024-04-24,2027-05-07,"Posted","Unclassified","HD Secondary","2026-08-24"
"<a href = ""https://simpler.grants.gov/opportunity/c212a6ad-22b6-4397-a3fc-3c465f85a4f0"" target = ""_blank"">PA-24-190</a>","PA","Mentored Quantitative Research Development Award (Parent K25 Independent Clinical Trial Required)",2024-04-23,2027-05-07,"Posted","Unclassified","HD Secondary","2026-08-24"
"<a href = ""https://simpler.grants.gov/opportunity/bfff80db-fe94-4069-b095-ea79fe5fe2c8"" target = ""_blank"">PA-24-191</a>","PA","Mentored Quantitative Research Development Award (Parent K25 Independent Clinical Trial Not Allowed)",2024-04-23,2027-05-07,"Posted","Unclassified","HD Secondary","2026-08-24"
"<a href = ""https://simpler.grants.gov/opportunity/827dcfb3-b730-4160-94e6-eb1ceb95bda4"" target = ""_blank"">PAR-24-153</a>","PAR","The NCI Worta McCaskill-Stevens Career Development Award for Community Oncology and Prevention Research (K12 Clinical Trial Optional)",2024-04-19,2027-02-18,"Posted","Unclassified","No HD Involvement","2026-08-24"
"<a href = ""https://simpler.grants.gov/opportunity/12d37e89-ae40-43a9-8f29-59e3347676ae"" target = ""_blank"">PA-24-201</a>","PA","Emergency Competitive Revision to Existing NIH Awards (Emergency Supplement - Clinical Trial Optional)",2024-04-18,2027-04-18,"Posted","Unclassified","No HD Involvement","2026-08-24"
"<a href = ""https://simpler.grants.gov/opportunity/f5d3761b-4ae7-46c7-a1b3-391b21e022b2"" target = ""_blank"">PAR-24-174</a>","PAR","Global Infectious Disease Research Training Program (D43 Clinical Trial Optional)",2024-04-17,2026-08-06,"Closed","Unclassified","No HD Involvement","2026-08-24"
"<a href = ""https://simpler.grants.gov/opportunity/b9304bd3-c0a4-4512-b3cb-869117adacbe"" target = ""_blank"">PA-24-184</a>","PA","Mentored Patient-Oriented Research Career Development Award (Parent K23  Independent Clinical Trial Required)",2024-04-09,2027-05-08,"Posted","Unclassified","HD Secondary","2026-08-24"
"<a href = ""https://simpler.grants.gov/opportunity/8e89d84a-1f55-4cb8-b969-5a94c782ea79"" target = ""_blank"">PA-24-185</a>","PA","Mentored Patient-Oriented Research Career Development Award (Parent K23  Independent Clinical Trial Not Allowed)",2024-04-09,2027-05-07,"Posted","Unclassified","HD Secondary","2026-08-24"
"<a href = ""https://simpler.grants.gov/opportunity/8473fc98-91d3-488d-9aef-458a385cc22c"" target = ""_blank"">RFA-NS-24-031</a>","RFA","BRAIN Initiative: Preclinical Proof of Concept for Novel Recording and Modulation Technologies in the Human CNS (R18 - Clinical Trial Not Allowed)",2024-03-19,2027-01-28,"Posted","Pharmacology & Therapeutics","HD Secondary","2026-08-24"
"<a href = ""https://simpler.grants.gov/opportunity/1baac24b-610d-486f-90da-e462abe3a8a9"" target = ""_blank"">PAR-24-167</a>","PAR","Utilizing Equipment to Study Environmental Extrinsic Factors and Enhance Rigor and Reproducibility of Animal Research (R24, Clinical Trials Not-Allowed)",2024-03-13,2026-09-25,"Posted","Unclassified","No HD Involvement","2026-08-24"
"<a href = ""https://simpler.grants.gov/opportunity/15a7a4eb-9a7e-4737-a6e1-7c3a45194e3d"" target = ""_blank"">PAR-24-128</a>","PAR","Medical Scientist Training Program (MSTP) (T32)",2024-03-04,2027-01-25,"Posted","Unclassified","No HD Involvement","2026-08-24"
"<a href = ""https://simpler.grants.gov/opportunity/a7c7c619-278d-49c9-8e15-a350e8573830"" target = ""_blank"">PAR-24-149</a>","PAR","NIDCD Mentored Career Development Award for Postdoctorate Au.D./Ph.D. Audiologists (K01 Clinical Trial Required)",2024-02-26,2027-05-07,"Posted","Unclassified","No HD Involvement","2026-08-24"
"<a href = ""https://simpler.grants.gov/opportunity/467d530f-00aa-485d-ace6-af05d7b4d5f1"" target = ""_blank"">PAR-24-159</a>","PAR","NIDCD Mentored Career Development Award for Postdoctorate Au.D./Ph.D. Audiologists (K01 Independent Clinical Trial Not Allowed)",2024-02-26,2027-05-07,"Posted","Unclassified","No HD Involvement","2026-08-24"
"<a href = ""https://simpler.grants.gov/opportunity/0f0508e2-c971-489b-a0e6-6ecec70eeaf5"" target = ""_blank"">PAR-24-127</a>","PAR","NIDCD's Mentored Research Education Pathway for Otolaryngology Residents and Medical Students (R25 - Clinical Trial Not Allowed)",2024-02-09,2026-09-29,"Posted","Unclassified","No HD Involvement","2026-08-24"
"<a href = ""https://simpler.grants.gov/opportunity/421ce454-e66a-42e6-92eb-08779f4c072b"" target = ""_blank"">PAR-24-140</a>","PAR","NIDCD Research Career Enhancement Award for Established Investigators (K18 Clinical Trial Required)",2024-02-08,2027-05-07,"Posted","Unclassified","No HD Involvement","2026-08-24"
"<a href = ""https://simpler.grants.gov/opportunity/a1498213-87dc-41ef-b4d1-cdda9c8fe538"" target = ""_blank"">PAR-24-143</a>","PAR","NIDCD Research Career Enhancement Award for Established Investigators (K18 Clinical Trial Not Allowed)",2024-02-08,2027-05-07,"Posted","Unclassified","No HD Involvement","2026-08-24"
"<a href = ""https://simpler.grants.gov/opportunity/d97390e0-f154-4c27-8c5c-5a188fd54f2f"" target = ""_blank"">PAR-24-129</a>","PAR","Limited Competition: Specific Pathogen Free Macaque Colonies to Support HIV/AIDS Research (U42 Clinical Trial Not Allowed)",2024-01-22,2026-09-25,"Posted","Unclassified","No HD Involvement","2026-08-24"
"<a href = ""https://simpler.grants.gov/opportunity/e8d1f652-395f-41a1-a833-e9a7376dd6a5"" target = ""_blank"">RFA-DA-25-060</a>","RFA","High Priority HIV and Substance Use Research (RM1 Clinical Trial Optional)",2024-01-17,2027-03-05,"Posted","Pharmacology & Therapeutics","No HD Involvement","2026-08-24"
"<a href = ""https://simpler.grants.gov/opportunity/a0e65cbc-14cf-4907-978e-adc4629c5e7c"" target = ""_blank"">PAR-24-089</a>","PAR","NIDA Mentored Clinical Scientist Development Program Award in Substance Use and Substance Use Disorder Research (K12 Clinical Trial Optional)",2024-01-03,2026-11-13,"Posted","Unclassified","No HD Involvement","2026-08-24"
"<a href = ""https://simpler.grants.gov/opportunity/822e0adf-e40d-476c-9c26-7b96a248acaa"" target = ""_blank"">PAR-24-071</a>","PAR","Alcohol Research-Related Resource Award (R24 Clinical Trial Not Allowed)",2023-11-30,2026-09-25,"Posted","Unclassified","No HD Involvement","2026-08-24"
"<a href = ""https://simpler.grants.gov/opportunity/4c2c5a17-fc4e-4833-8eeb-f59b2fdb61d0"" target = ""_blank"">PA-23-317</a>","PA","Competing Revisions to Existing NIH Single Project Research Grants and Cooperative Agreements (Clinical Trial Optional)",2023-11-24,2026-11-24,"Posted","Unclassified","HD Secondary","2026-08-24"
"<a href = ""https://simpler.grants.gov/opportunity/44f14ea6-72c0-4d00-b888-0e62afbc63cd"" target = ""_blank"">PAR-24-065</a>","PAR","NHLBI Program Project Applications (P01 Clinical Trials Optional)",2023-11-20,2026-09-25,"Posted","Unclassified","No HD Involvement","2026-08-24"
"<a href = ""https://simpler.grants.gov/opportunity/b8454cff-6165-4d83-a1eb-a88d5e918254"" target = ""_blank"">PAR-23-286</a>","PAR","NCI Pathway to Independence Award for Early-Stage Postdoctoral Researchers (K99/R00 - Independent Clinical Trial Not Allowed)",2023-11-08,2026-10-14,"Posted","Unclassified","No HD Involvement","2026-08-24"
"<a href = ""https://simpler.grants.gov/opportunity/860d4e48-5298-4caf-bada-905645586fe4"" target = ""_blank"">PAR-23-287</a>","PAR","NCI Pathway to Independence Award for Early-Stage Postdoctoral Researchers (K99/R00 - Independent Clinical Trial Required)",2023-11-08,2026-10-14,"Posted","Unclassified","No HD Involvement","2026-08-24"
"<a href = ""https://simpler.grants.gov/opportunity/c4d009f6-54e0-4630-beb9-2c48e65b1447"" target = ""_blank"">PAR-23-228</a>","PAR","National Institute of General Medical Sciences Predoctoral Basic Biomedical Sciences Research Training Program (T32)",2023-10-05,2026-09-25,"Posted","Unclassified","No HD Involvement","2026-08-24"
"<a href = ""https://simpler.grants.gov/opportunity/40dbcca5-d2a3-4934-9140-1135236dde8e"" target = ""_blank"">PAR-23-284</a>","PAR","Specialized Programs of Research Excellence (SPOREs) in Human Cancers for Years 2024, 2025, and 2026 (P50 Clinical Trial Required)",2023-09-22,2026-09-25,"Posted","Reproductive Health; Pediatrics","No HD Involvement","2026-08-24"
"<a href = ""https://simpler.grants.gov/opportunity/de739b2d-53dd-455e-bab7-50ba7e9506fb"" target = ""_blank"">PAR-24-027</a>","PAR","Population Assessment of Tobacco and Health (PATH) Study Biospecimen Access (X01)",2023-08-24,2026-10-30,"Posted","Unclassified","No HD Involvement","2026-08-24"
"<a href = ""https://simpler.grants.gov/opportunity/ca9edeff-a9ab-45c6-87d9-c11434973014"" target = ""_blank"">PAR-23-235</a>","PAR","National Centers for Biomedical Imaging and Bioengineering (NCBIB) (P41 Clinical Trials Optional)",2023-07-28,2026-09-07,"Posted","Pharmacology & Therapeutics","No HD Involvement","2026-08-24"
"<a href = ""https://simpler.grants.gov/opportunity/580664a8-167f-4b35-910d-f628be1d2f4b"" target = ""_blank"">PAR-23-166</a>","PAR","Native American Research Centers for Health (NARCH) (S06 Clinical Trial Optional)",2023-06-02,2026-08-07,"Closed","Unclassified","HD Secondary","2026-08-24"
"<a href = ""https://simpler.grants.gov/opportunity/ebcdd90d-a5bf-4e20-a546-fcfe230b7405"" target = ""_blank"">PAR-23-126</a>","PAR","Limited Competition: National Primate Research Centers (P51) (Clinical Trials Not Allowed)",2023-05-26,2026-09-25,"Posted","Unclassified","No HD Involvement","2026-08-24"
